{
  "trial_1": {
    "x": 4.703254457928095,
    "y": 0.8505321078048151,
    "edge_dist": 0.7967455420719052,
    "angle": 0.7079974276309361,
    "above": 2
  },
  "trial_2": {
    "x": 3.66907129386693,
    "y": 1.0156035923183135,
    "edge_dist": 1.16907129386693,
    "angle": 0.004158802844274463,
    "above": 2
  },
  "trial_3": {
    "x": 3.429072764433367,
    "y": 1.0170481829048978,
    "edge_dist": 0.929072764433367,
    "angle": 0.003237890037359355,
    "above": 3
  },
  "trial_4": {
    "x": 4.686356078620216,
    "y": 1.0157444620067633,
    "edge_dist": 0.8136439213797839,
    "angle": 0.007760645594206306,
    "above": 3
  },
  "trial_5": {
    "x": 3.5427185705268385,
    "y": 1.2128568878115278,
    "edge_dist": 1.0427185705268385,
    "angle": 0.008400708664056067,
    "above": 1
  },
  "trial_6": {
    "x": 4.284987229487503,
    "y": 1.015695071217451,
    "edge_dist": 1.2150127705124971,
    "angle": 0.008761049144111382,
    "above": 6
  },
  "trial_7": {
    "x": 4.4382725747728955,
    "y": 1.0121324641146594,
    "edge_dist": 1.0617274252271045,
    "angle": 0.01432972851956405,
    "above": 4
  },
  "trial_8": {
    "x": 2.5335917959928556,
    "y": 0.20703923734971852,
    "edge_dist": 0.033591795992855555,
    "angle": 0.0016076249263253287,
    "above": 4
  },
  "trial_9": {
    "x": 2.980588403443799,
    "y": 1.015272129790186,
    "edge_dist": 0.48058840344379883,
    "angle": 0.000887616633779598,
    "above": 2
  },
  "trial_10": {
    "x": 4.623095765279634,
    "y": 1.0144204220786364,
    "edge_dist": 0.8769042347203664,
    "angle": 0.01685900323967937,
    "above": 4
  },
  "trial_11": {
    "x": 3.484289412697978,
    "y": 1.0369201913222335,
    "edge_dist": 0.984289412697978,
    "angle": 0.041732957717995955,
    "above": 3
  },
  "trial_12": {
    "x": 4.117306382203177,
    "y": 1.26354171523931,
    "edge_dist": 1.3826936177968232,
    "angle": 0.4996902662188374,
    "above": 3
  },
  "trial_13": {
    "x": 3.507297764139123,
    "y": 1.0139639066012167,
    "edge_dist": 1.007297764139123,
    "angle": 0.004723560918075593,
    "above": 4
  },
  "trial_14": {
    "x": 2.9739392177645456,
    "y": 0.40713286796158954,
    "edge_dist": 0.4739392177645456,
    "angle": 0.0010268550106748986,
    "above": 4
  },
  "trial_15": {
    "x": 4.161492169459482,
    "y": 1.0142003749848443,
    "edge_dist": 1.338507830540518,
    "angle": 0.006083693930659677,
    "above": 7
  },
  "trial_16": {
    "x": 3.1123757915412913,
    "y": 0.8521711996455124,
    "edge_dist": 0.6123757915412913,
    "angle": 0.2480364680361129,
    "above": 4
  },
  "trial_17": {
    "x": 3.3351747080404475,
    "y": 1.2157967742224436,
    "edge_dist": 0.8351747080404475,
    "angle": 0.0027258311359132925,
    "above": 3
  },
  "trial_18": {
    "x": 2.7945568511284415,
    "y": 1.0126021196543418,
    "edge_dist": 0.29455685112844154,
    "angle": 0.0000997374433255871,
    "above": 4
  },
  "trial_19": {
    "x": 3.6220093115291943,
    "y": 0.8089716292149491,
    "edge_dist": 1.1220093115291943,
    "angle": 0.619993754480345,
    "above": 4
  },
  "trial_20": {
    "x": 3.99594274387433,
    "y": 1.0128511852759927,
    "edge_dist": 1.49594274387433,
    "angle": 0.004953908247061333,
    "above": 5
  },
  "trial_21": {
    "x": 4.742088219816813,
    "y": 1.2142593906734378,
    "edge_dist": 0.7579117801831874,
    "angle": 0.014766484038375882,
    "above": 5
  },
  "trial_22": {
    "x": 3.2096468049116686,
    "y": 1.0156513228222246,
    "edge_dist": 0.7096468049116686,
    "angle": 0.012427608615451282,
    "above": 9
  },
  "trial_23": {
    "x": 5.212581908651263,
    "y": 1.0310389045678496,
    "edge_dist": 0.2874180913487372,
    "angle": 0.04749494418796241,
    "above": 5
  },
  "trial_24": {
    "x": 5.169364878746117,
    "y": 0.40597219463078016,
    "edge_dist": 0.3306351212538834,
    "angle": 0.00658963803048862,
    "above": 6
  },
  "trial_25": {
    "x": 4.044824733057499,
    "y": 1.0133538995795028,
    "edge_dist": 1.4551752669425007,
    "angle": 0.007096643165214419,
    "above": 6
  },
  "trial_26": {
    "x": 4.743609349232179,
    "y": 1.012436712196091,
    "edge_dist": 0.7563906507678206,
    "angle": 0.001913659368806211,
    "above": 7
  },
  "trial_27": {
    "x": 4.503966251988439,
    "y": 1.2131084296314487,
    "edge_dist": 0.9960337480115609,
    "angle": 0.008292063512945314,
    "above": 4
  },
  "trial_28": {
    "x": 4.308504319753385,
    "y": 1.2179270643260494,
    "edge_dist": 1.1914956802466152,
    "angle": 0.0038616087153442447,
    "above": 4
  },
  "trial_29": {
    "x": 3.907859232640463,
    "y": 0.8117739080022002,
    "edge_dist": 1.407859232640463,
    "angle": 0.0007813664659279684,
    "above": 5
  },
  "trial_30": {
    "x": 4.083243641376373,
    "y": 1.016220786462993,
    "edge_dist": 1.4167563586236271,
    "angle": 0.0047972715830000585,
    "above": 7
  },
  "trial_31": {
    "x": 3.5118060451044193,
    "y": 1.0181795909835136,
    "edge_dist": 1.0118060451044193,
    "angle": 0.15505795608580722,
    "above": 7
  },
  "trial_32": {
    "x": 3.6119844456162085,
    "y": 0.6055020704398366,
    "edge_dist": 1.1119844456162085,
    "angle": 0.008152757604295333,
    "above": 6
  },
  "trial_33": {
    "x": 3.5699617992105215,
    "y": 1.01486524319755,
    "edge_dist": 1.0699617992105215,
    "angle": 0.001955194580573993,
    "above": 5
  },
  "trial_34": {
    "x": 4.192125278027446,
    "y": 1.2184317071770203,
    "edge_dist": 1.3078747219725537,
    "angle": 0.038296712058067284,
    "above": 2
  },
  "trial_35": {
    "x": 4.3654554472709854,
    "y": 1.2158482232459464,
    "edge_dist": 1.1345445527290146,
    "angle": 0.009005556242259738,
    "above": 3
  },
  "trial_36": {
    "x": 4.265332209626567,
    "y": 1.0128281308038445,
    "edge_dist": 1.2346677903734333,
    "angle": 0.0007130742686951542,
    "above": 8
  },
  "trial_37": {
    "x": 4.411394381002959,
    "y": 0.6165934256727335,
    "edge_dist": 1.0886056189970406,
    "angle": 0.002286771638504631,
    "above": 7
  },
  "trial_38": {
    "x": 3.285579990546521,
    "y": 1.0174219669770963,
    "edge_dist": 0.7855799905465211,
    "angle": 0.006220685272136559,
    "above": 5
  },
  "trial_39": {
    "x": 4.673515100961078,
    "y": 1.2191137886269354,
    "edge_dist": 0.8264848990389222,
    "angle": 0.03261227448181847,
    "above": 4
  },
  "trial_40": {
    "x": 4.477870592918887,
    "y": 1.2122880814535235,
    "edge_dist": 1.0221294070811133,
    "angle": 0.024829080078325738,
    "above": 5
  },
  "trial_41": {
    "x": 4.353867517196807,
    "y": 1.0153334501265174,
    "edge_dist": 1.1461324828031927,
    "angle": 0.000567122299412513,
    "above": 5
  },
  "trial_42": {
    "x": 3.803243532588224,
    "y": 0.8944807284387783,
    "edge_dist": 1.303243532588224,
    "angle": 0.647396191310523,
    "above": 5
  }
}
