{
  "trial_1": {
    "x": 4.68028886209054,
    "y": 1.0078308703141068,
    "edge_dist": 0.8197111379094597,
    "angle": 0.0018306947016533577,
    "above": 9
  },
  "trial_2": {
    "x": 5.071435358540046,
    "y": 1.5378981281811215,
    "edge_dist": 0.4285646414599542,
    "angle": 0.5550344192253178,
    "above": 1
  },
  "trial_3": {
    "x": 4.5000159666212864,
    "y": 1.5197496537896518,
    "edge_dist": 0.9999840333787136,
    "angle": 0.35075029993494455,
    "above": 3
  },
  "trial_4": {
    "x": 3.344314814481679,
    "y": 1.9389593083959333,
    "edge_dist": 0.8443148144816792,
    "angle": 0.33182585741693504,
    "above": 1
  },
  "trial_5": {
    "x": 3.825803827547035,
    "y": 1.2357964821088445,
    "edge_dist": 1.325803827547035,
    "angle": 0.7816657185278892,
    "above": 6
  },
  "trial_6": {
    "x": 3.269665661764314,
    "y": 0.40445527713848595,
    "edge_dist": 0.7696656617643138,
    "angle": 0.001974112065174838,
    "above": 11
  },
  "trial_7": {
    "x": 2.722431713264284,
    "y": 0.20397897056842584,
    "edge_dist": 0.2224317132642839,
    "angle": 0.004937730166549906,
    "above": 8
  },
  "trial_8": {
    "x": 4.033990337696427,
    "y": 0.7781844504052664,
    "edge_dist": 1.4660096623035734,
    "angle": 0.5081827784392985,
    "above": 7
  },
  "trial_9": {
    "x": 3.3341216873146102,
    "y": 2.238616958625202,
    "edge_dist": 0.8341216873146102,
    "angle": 0.46572898692916037,
    "above": 2
  },
  "trial_10": {
    "x": 3.039398771195236,
    "y": 2.050813115170262,
    "edge_dist": 0.5393987711952359,
    "angle": 0.3819025480764435,
    "above": 3
  },
  "trial_11": {
    "x": 2.5114122250282147,
    "y": 1.4025689799880636,
    "edge_dist": 0.011412225028214706,
    "angle": 0.027634149688248844,
    "above": 3
  },
  "trial_12": {
    "x": 4.2108896922526,
    "y": 1.0116812650924132,
    "edge_dist": 1.2891103077474,
    "angle": 0.0051601576246113785,
    "above": 9
  },
  "trial_13": {
    "x": 5.483365212939417,
    "y": 1.5112249153251143,
    "edge_dist": 0.016634787060582745,
    "angle": 0.4585802033414777,
    "above": 3
  },
  "trial_14": {
    "x": 3.408775211046992,
    "y": 1.413286605243333,
    "edge_dist": 0.9087752110469922,
    "angle": 0.0010422393755780135,
    "above": 5
  },
  "trial_15": {
    "x": 3.6034500049356364,
    "y": 1.0110852851671641,
    "edge_dist": 1.1034500049356364,
    "angle": 0.0023038139720615576,
    "above": 6
  },
  "trial_16": {
    "x": 2.6127433767852386,
    "y": 0.20474752762921522,
    "edge_dist": 0.1127433767852386,
    "angle": 0.001402259084112983,
    "above": 5
  },
  "trial_17": {
    "x": 3.5382438853825575,
    "y": 0.6046570510727776,
    "edge_dist": 1.0382438853825575,
    "angle": 0.00010193910753429451,
    "above": 12
  },
  "trial_18": {
    "x": 3.631510655838756,
    "y": 0.20379064638846778,
    "edge_dist": 1.1315106558387562,
    "angle": 0.0005987556076673994,
    "above": 10
  },
  "trial_19": {
    "x": 3.9910215065076824,
    "y": 0.20435900517621253,
    "edge_dist": 1.4910215065076824,
    "angle": 0.0009604319361908864,
    "above": 8
  },
  "trial_20": {
    "x": 4.141332276706761,
    "y": 0.8000168570229853,
    "edge_dist": 1.3586677232932391,
    "angle": 0.0023611713609319462,
    "above": 7
  },
  "trial_21": {
    "x": 4.598516948968423,
    "y": 2.2000912213904575,
    "edge_dist": 0.901483051031577,
    "angle": 0.045943768042307966,
    "above": 4
  },
  "trial_22": {
    "x": 3.515338952057444,
    "y": 0.4055123505504836,
    "edge_dist": 1.0153389520574438,
    "angle": 0.004152465585396392,
    "above": 6
  },
  "trial_23": {
    "x": 4.789852745202726,
    "y": 0.8082094136199665,
    "edge_dist": 0.710147254797274,
    "angle": 0.0009656822428276701,
    "above": 4
  },
  "trial_24": {
    "x": 4.887674689085215,
    "y": 0.2041013651140542,
    "edge_dist": 0.6123253109147848,
    "angle": 0.0012426993398380048,
    "above": 9
  },
  "trial_25": {
    "x": 3.664628708725183,
    "y": 0.40666010906907335,
    "edge_dist": 1.164628708725183,
    "angle": 0.008490110508323712,
    "above": 10
  },
  "trial_26": {
    "x": 5.399975043902702,
    "y": 0.5936317806732267,
    "edge_dist": 0.10002495609729767,
    "angle": 0.02479787323088356,
    "above": 7
  },
  "trial_27": {
    "x": 4.285057251940079,
    "y": 0.8535704637526549,
    "edge_dist": 1.2149427480599213,
    "angle": 0.5578976505636053,
    "above": 3
  },
  "trial_28": {
    "x": 3.7618523153121157,
    "y": 0.4524729676585606,
    "edge_dist": 1.2618523153121157,
    "angle": 0.4741410242080608,
    "above": 7
  },
  "trial_29": {
    "x": 5.036834813665849,
    "y": 1.5276504763474668,
    "edge_dist": 0.4631651863341508,
    "angle": 0.40250006099337693,
    "above": 3
  },
  "trial_30": {
    "x": 3.478893964639688,
    "y": 0.20208148345987276,
    "edge_dist": 0.9788939646396879,
    "angle": 0.0005478989573850028,
    "above": 10
  },
  "trial_31": {
    "x": 3.379876577466841,
    "y": 0.20496710810806906,
    "edge_dist": 0.8798765774668409,
    "angle": 0.00018547137010605606,
    "above": 5
  },
  "trial_32": {
    "x": 2.806847807874857,
    "y": 0.451502476390897,
    "edge_dist": 0.3068478078748571,
    "angle": 0.422862631190152,
    "above": 5
  },
  "trial_33": {
    "x": 2.4236383933071206,
    "y": 1.79504205210252,
    "edge_dist": -0.07636160669287939,
    "angle": 0.21492746726010487,
    "above": 4
  },
  "trial_34": {
    "x": 4.9492768059139784,
    "y": 0.42855036787852807,
    "edge_dist": 0.5507231940860216,
    "angle": 0.13948205700285743,
    "above": 6
  },
  "trial_35": {
    "x": 3.844171719185525,
    "y": 1.9906839205966729,
    "edge_dist": 1.3441717191855251,
    "angle": 0.23124474521812077,
    "above": 4
  },
  "trial_36": {
    "x": 4.291911976202456,
    "y": 1.2098750579828392,
    "edge_dist": 1.2080880237975444,
    "angle": 0.015512163543373703,
    "above": 5
  },
  "trial_37": {
    "x": 2.8800681279826192,
    "y": 0.6204189057427847,
    "edge_dist": 0.38006812798261924,
    "angle": 0.49455496009843747,
    "above": 7
  },
  "trial_38": {
    "x": 3.54930427440492,
    "y": 0.6077150071842761,
    "edge_dist": 1.04930427440492,
    "angle": 0.009213611988022794,
    "above": 7
  },
  "trial_39": {
    "x": 5.186085238496704,
    "y": 1.2033559568683758,
    "edge_dist": 0.31391476150329556,
    "angle": 0.013861685646125999,
    "above": 2
  },
  "trial_40": {
    "x": 5.4776915491067335,
    "y": 0.20475967854151023,
    "edge_dist": 0.022308450893266496,
    "angle": 0.0012179579542044294,
    "above": 9
  },
  "trial_41": {
    "x": 4.856847146465573,
    "y": 1.5968884576642464,
    "edge_dist": 0.6431528535344269,
    "angle": 0.47693976918509806,
    "above": 4
  },
  "trial_42": {
    "x": 3.0364823700967114,
    "y": 1.5931029853020982,
    "edge_dist": 0.5364823700967114,
    "angle": 0.3251819732761074,
    "above": 3
  }
}
