{
  "trial_1": {
    "x": 3.642552857218155,
    "y": 2.6176004356689564,
    "edge_dist": 1.142552857218155,
    "angle": 0.010310060257026233,
    "above": 1
  },
  "trial_2": {
    "x": 5.414990299728887,
    "y": 0.2058630051316488,
    "edge_dist": 0.08500970027111343,
    "angle": 0.010675457081947845,
    "above": 2
  },
  "trial_3": {
    "x": 3.4298818059979483,
    "y": 1.0033684096206565,
    "edge_dist": 0.9298818059979483,
    "angle": 0.015854598865963944,
    "above": 5
  },
  "trial_4": {
    "x": 4.687777742014088,
    "y": 1.814905809147743,
    "edge_dist": 0.812222257985912,
    "angle": 0.006393286594465132,
    "above": 2
  },
  "trial_5": {
    "x": 4.77300636267664,
    "y": 0.40482095878534263,
    "edge_dist": 0.7269936373233596,
    "angle": 0.0008509112670316288,
    "above": 4
  },
  "trial_6": {
    "x": 4.068211518076769,
    "y": 2.015122468361213,
    "edge_dist": 1.4317884819232312,
    "angle": 0.0031838636297503164,
    "above": 2
  },
  "trial_7": {
    "x": 3.0361242156747044,
    "y": 0.20298131763874316,
    "edge_dist": 0.5361242156747044,
    "angle": 0.002908937349198293,
    "above": 9
  },
  "trial_8": {
    "x": 3.767746604193658,
    "y": 0.2009762190574378,
    "edge_dist": 1.267746604193658,
    "angle": 0.0037711704604024396,
    "above": 12
  },
  "trial_9": {
    "x": 5.524779318577058,
    "y": 0.6085657022224122,
    "edge_dist": -0.02477931857705773,
    "angle": 0.02106607756599353,
    "above": 2
  },
  "trial_10": {
    "x": 5.198955545792577,
    "y": 0.206519143414309,
    "edge_dist": 0.3010444542074229,
    "angle": 0.007596290832249495,
    "above": 3
  },
  "trial_11": {
    "x": 4.456276546295052,
    "y": 2.007330134686124,
    "edge_dist": 1.0437234537049482,
    "angle": 0.02780054998759196,
    "above": 2
  },
  "trial_12": {
    "x": 3.200019812563665,
    "y": 2.01856499401883,
    "edge_dist": 0.700019812563665,
    "angle": 0.008599702925681019,
    "above": 1
  },
  "trial_13": {
    "x": 4.6329766898323985,
    "y": 0.9938944469613769,
    "edge_dist": 0.8670233101676015,
    "angle": 0.022423700601019544,
    "above": 5
  },
  "trial_14": {
    "x": 3.81793778062016,
    "y": 1.0080590775989031,
    "edge_dist": 1.3179377806201602,
    "angle": 0.009916817858072084,
    "above": 7
  },
  "trial_15": {
    "x": 2.443612758711628,
    "y": 2.8202308900358006,
    "edge_dist": -0.056387241288371914,
    "angle": 0.030427187133241995,
    "above": 1
  },
  "trial_16": {
    "x": 5.410348159893029,
    "y": 0.8078312620670118,
    "edge_dist": 0.08965184010697058,
    "angle": 0.0013703256388495344,
    "above": 3
  },
  "trial_17": {
    "x": 2.3988539007917433,
    "y": 1.6092288711699427,
    "edge_dist": -0.10114609920825668,
    "angle": 0.028734548204362165,
    "above": 3
  },
  "trial_18": {
    "x": 4.540586046520932,
    "y": 0.20435062448718888,
    "edge_dist": 0.9594139534790678,
    "angle": 0.0013526055854048225,
    "above": 7
  },
  "trial_19": {
    "x": 2.511421600427967,
    "y": 0.40449877056437167,
    "edge_dist": 0.011421600427966805,
    "angle": 0.010445754707493204,
    "above": 6
  },
  "trial_20": {
    "x": 2.8416006238378393,
    "y": 1.6185032857086812,
    "edge_dist": 0.3416006238378393,
    "angle": 0.017098868518124588,
    "above": 3
  },
  "trial_21": {
    "x": 4.975505681869817,
    "y": 0.8081063425744999,
    "edge_dist": 0.5244943181301833,
    "angle": 0.00203831825260381,
    "above": 5
  },
  "trial_22": {
    "x": 4.741977371010212,
    "y": 1.6141899756564668,
    "edge_dist": 0.7580226289897878,
    "angle": 0.014932808620685023,
    "above": 3
  },
  "trial_23": {
    "x": 5.3466163996174165,
    "y": 2.4163942098628755,
    "edge_dist": 0.15338360038258347,
    "angle": 0.00342651305106223,
    "above": 2
  },
  "trial_24": {
    "x": 2.5348897223984834,
    "y": 0.40536116526111243,
    "edge_dist": 0.034889722398483425,
    "angle": 0.01649779426028286,
    "above": 5
  },
  "trial_25": {
    "x": 3.0691081772002122,
    "y": 0.40512257535895113,
    "edge_dist": 0.5691081772002122,
    "angle": 0.0018028139766836926,
    "above": 4
  },
  "trial_26": {
    "x": 3.028480516028731,
    "y": 1.6157448228106985,
    "edge_dist": 0.5284805160287309,
    "angle": 0.008581510873312048,
    "above": 2
  },
  "trial_27": {
    "x": 5.586315995336827,
    "y": 0.20495848745306766,
    "edge_dist": -0.0863159953368271,
    "angle": 0.002095599186709622,
    "above": 6
  },
  "trial_28": {
    "x": 5.306060688406042,
    "y": 0.8079887421677352,
    "edge_dist": 0.19393931159395805,
    "angle": 0.00493513771793852,
    "above": 5
  },
  "trial_29": {
    "x": 3.3520262393948084,
    "y": 2.880804247321139,
    "edge_dist": 0.8520262393948084,
    "angle": 0.028748985385947723,
    "above": 1
  },
  "trial_30": {
    "x": 3.520551710049765,
    "y": 2.2806121525748564,
    "edge_dist": 1.020551710049765,
    "angle": 0.02804411523195392,
    "above": 2
  },
  "trial_31": {
    "x": 3.2863661301995157,
    "y": 0.44509575785473565,
    "edge_dist": 0.7863661301995157,
    "angle": 0.2903227732220284,
    "above": 5
  },
  "trial_32": {
    "x": 3.761755629144604,
    "y": 0.4475226630317257,
    "edge_dist": 1.261755629144604,
    "angle": 0.3202721567506137,
    "above": 5
  },
  "trial_33": {
    "x": 4.415993782064948,
    "y": 0.20490696600413916,
    "edge_dist": 1.0840062179350518,
    "angle": 0.00007302366948144914,
    "above": 6
  },
  "trial_34": {
    "x": 3.936273227647728,
    "y": 1.2381030822096815,
    "edge_dist": 1.4362732276477281,
    "angle": 0.3209236650100611,
    "above": 4
  },
  "trial_35": {
    "x": 4.341555660391473,
    "y": 0.8101771461435687,
    "edge_dist": 1.1584443396085273,
    "angle": 0.0027177044844990395,
    "above": 5
  },
  "trial_36": {
    "x": 2.5385655585404807,
    "y": 0.8272190212722652,
    "edge_dist": 0.038565558540480716,
    "angle": 0.7452646168844187,
    "above": 1
  },
  "trial_37": {
    "x": 5.019325246222121,
    "y": 1.8173518076201853,
    "edge_dist": 0.4806747537778788,
    "angle": 0.02827528163230493,
    "above": 2
  },
  "trial_38": {
    "x": 5.003689220686795,
    "y": 0.4057108519179744,
    "edge_dist": 0.49631077931320533,
    "angle": 0.00684052818733627,
    "above": 4
  },
  "trial_39": {
    "x": 3.4965228925779566,
    "y": 0.20333583321395654,
    "edge_dist": 0.9965228925779566,
    "angle": 0.0002657469817425084,
    "above": 8
  },
  "trial_40": {
    "x": 3.18604209477991,
    "y": 1.4125399158606213,
    "edge_dist": 0.6860420947799102,
    "angle": 0.014454985935033804,
    "above": 4
  },
  "trial_41": {
    "x": 3.6101420715382164,
    "y": 1.8096281495368167,
    "edge_dist": 1.1101420715382164,
    "angle": 0.032628491645051334,
    "above": 2
  },
  "trial_42": {
    "x": 3.4995999250139374,
    "y": 2.217162658211732,
    "edge_dist": 0.9995999250139374,
    "angle": 0.03329476553419726,
    "above": 1
  }
}
