{
  "trial_1": {
    "x": 4.7028579300533835,
    "y": 0.8510689248750749,
    "edge_dist": 0.7971420699466165,
    "angle": 0.7040870706469857,
    "above": 2
  },
  "trial_2": {
    "x": 3.6675662411570515,
    "y": 1.0175479753110697,
    "edge_dist": 1.1675662411570515,
    "angle": 0.0020019495084399107,
    "above": 2
  },
  "trial_3": {
    "x": 3.432277806447505,
    "y": 1.0177191097981666,
    "edge_dist": 0.9322778064475048,
    "angle": 0.002354709361997508,
    "above": 2
  },
  "trial_4": {
    "x": 4.686830322624749,
    "y": 1.0152583196656684,
    "edge_dist": 0.8131696773752513,
    "angle": 0.005410295771572926,
    "above": 3
  },
  "trial_5": {
    "x": 3.5433625728963603,
    "y": 1.212825477723317,
    "edge_dist": 1.0433625728963603,
    "angle": 0.00898181420202171,
    "above": 1
  },
  "trial_6": {
    "x": 4.283948631776279,
    "y": 1.021463547311929,
    "edge_dist": 1.216051368223721,
    "angle": 0.0070498476572598496,
    "above": 6
  },
  "trial_7": {
    "x": 4.4426545893666995,
    "y": 1.016536696893735,
    "edge_dist": 1.0573454106333005,
    "angle": 0.005579487279306118,
    "above": 4
  },
  "trial_8": {
    "x": 2.5318078931287338,
    "y": 0.2075072323014533,
    "edge_dist": 0.03180789312873378,
    "angle": 0.0033834627377813432,
    "above": 4
  },
  "trial_9": {
    "x": 2.979678455300382,
    "y": 1.0147863086966846,
    "edge_dist": 0.4796784553003821,
    "angle": 0.00023275323497908105,
    "above": 2
  },
  "trial_10": {
    "x": 4.619788366664068,
    "y": 1.0158425859680378,
    "edge_dist": 0.8802116333359322,
    "angle": 0.019066305911268788,
    "above": 4
  },
  "trial_11": {
    "x": 3.4848779128046994,
    "y": 1.0387053853537225,
    "edge_dist": 0.9848779128046994,
    "angle": 0.04329080513081452,
    "above": 3
  },
  "trial_12": {
    "x": 4.134509984977151,
    "y": 1.2652046838586908,
    "edge_dist": 1.365490015022849,
    "angle": 0.47073217274186696,
    "above": 3
  },
  "trial_13": {
    "x": 3.508867712534368,
    "y": 1.0142984159241233,
    "edge_dist": 1.008867712534368,
    "angle": 0.00700155010036678,
    "above": 4
  },
  "trial_14": {
    "x": 2.972333171687638,
    "y": 0.40796789845891457,
    "edge_dist": 0.4723331716876382,
    "angle": 0.0013885642609672288,
    "above": 4
  },
  "trial_15": {
    "x": 4.163243129367233,
    "y": 1.0173440980724835,
    "edge_dist": 1.336756870632767,
    "angle": 0.004956810684977046,
    "above": 7
  },
  "trial_16": {
    "x": 3.1154002693877136,
    "y": 0.8552171068020327,
    "edge_dist": 0.6154002693877136,
    "angle": 0.2545300262620591,
    "above": 4
  },
  "trial_17": {
    "x": 3.3324570828194764,
    "y": 1.215804454173604,
    "edge_dist": 0.8324570828194764,
    "angle": 0.003174446298906286,
    "above": 3
  },
  "trial_18": {
    "x": 2.8040820022558073,
    "y": 1.031550797621834,
    "edge_dist": 0.3040820022558073,
    "angle": 0.0474931119084232,
    "above": 4
  },
  "trial_19": {
    "x": 3.6174918355817804,
    "y": 0.8106490877136023,
    "edge_dist": 1.1174918355817804,
    "angle": 0.6219426617031519,
    "above": 4
  },
  "trial_20": {
    "x": 3.9969025439673045,
    "y": 1.0129288097869367,
    "edge_dist": 1.4969025439673045,
    "angle": 0.004138095129421017,
    "above": 6
  },
  "trial_21": {
    "x": 4.73116299711759,
    "y": 1.2165633507241984,
    "edge_dist": 0.7688370028824103,
    "angle": 0.011555319091073546,
    "above": 5
  },
  "trial_22": {
    "x": 3.211565865507986,
    "y": 1.020484772987416,
    "edge_dist": 0.711565865507986,
    "angle": 0.0073378231042381175,
    "above": 9
  },
  "trial_23": {
    "x": 5.204592712775761,
    "y": 1.0383372435211609,
    "edge_dist": 0.29540728722423903,
    "angle": 0.06031630003733879,
    "above": 5
  },
  "trial_24": {
    "x": 5.168836654874531,
    "y": 0.4062528132108003,
    "edge_dist": 0.33116334512546874,
    "angle": 0.0077025195945967795,
    "above": 6
  },
  "trial_25": {
    "x": 4.045524446458013,
    "y": 1.0165511469575517,
    "edge_dist": 1.4544755535419869,
    "angle": 0.005947361996430962,
    "above": 6
  },
  "trial_26": {
    "x": 4.741619711391421,
    "y": 1.012741521392433,
    "edge_dist": 0.7583802886085786,
    "angle": 0.0011521603105519996,
    "above": 7
  },
  "trial_27": {
    "x": 4.50909455210229,
    "y": 1.224734304033817,
    "edge_dist": 0.9909054478977097,
    "angle": 0.010786163106935254,
    "above": 4
  },
  "trial_28": {
    "x": 4.304114151594966,
    "y": 1.218654010679601,
    "edge_dist": 1.1958858484050339,
    "angle": 0.00965395105131539,
    "above": 4
  },
  "trial_29": {
    "x": 3.9091166997828206,
    "y": 0.8189715080847328,
    "edge_dist": 1.4091166997828206,
    "angle": 0.0005686546487031485,
    "above": 5
  },
  "trial_30": {
    "x": 4.083633316903521,
    "y": 1.0185397591708356,
    "edge_dist": 1.416366683096479,
    "angle": 0.0015557702411528333,
    "above": 7
  },
  "trial_31": {
    "x": 3.502548056600811,
    "y": 1.0231330235216745,
    "edge_dist": 1.0025480566008111,
    "angle": 0.16171741596442016,
    "above": 4
  },
  "trial_32": {
    "x": 3.6088026819996646,
    "y": 0.6145381032115118,
    "edge_dist": 1.1088026819996646,
    "angle": 0.0065365621781623305,
    "above": 6
  },
  "trial_33": {
    "x": 3.5717349856722995,
    "y": 1.015031215524827,
    "edge_dist": 1.0717349856722995,
    "angle": 0.00015274351492261884,
    "above": 6
  },
  "trial_34": {
    "x": 4.200427942543864,
    "y": 1.215119265495991,
    "edge_dist": 1.2995720574561362,
    "angle": 0.00032110024103748636,
    "above": 3
  },
  "trial_35": {
    "x": 4.362728486389512,
    "y": 1.2141820541890151,
    "edge_dist": 1.1372715136104876,
    "angle": 0.005893783882451098,
    "above": 3
  },
  "trial_36": {
    "x": 4.269431696014296,
    "y": 1.017978719364271,
    "edge_dist": 1.230568303985704,
    "angle": 0.002273176776148529,
    "above": 8
  },
  "trial_37": {
    "x": 4.410804759666262,
    "y": 0.6165949672697133,
    "edge_dist": 1.089195240333738,
    "angle": 0.0012236337714148764,
    "above": 7
  },
  "trial_38": {
    "x": 3.280289656820181,
    "y": 1.0213699085145551,
    "edge_dist": 0.7802896568201811,
    "angle": 0.005048814619365711,
    "above": 5
  },
  "trial_39": {
    "x": 4.663368815189735,
    "y": 1.2198127625458692,
    "edge_dist": 0.8366311848102654,
    "angle": 0.02539749999765184,
    "above": 4
  },
  "trial_40": {
    "x": 4.5165664498381295,
    "y": 1.216238865050212,
    "edge_dist": 0.9834335501618705,
    "angle": 0.00688683908392318,
    "above": 5
  },
  "trial_41": {
    "x": 4.347498417795836,
    "y": 1.0145135136080765,
    "edge_dist": 1.152501582204164,
    "angle": 0.0010302880861422267,
    "above": 5
  },
  "trial_42": {
    "x": 3.8057316618393964,
    "y": 0.9017018543566007,
    "edge_dist": 1.3057316618393964,
    "angle": 0.6321481884601732,
    "above": 5
  }
}
