{
  "trial_1": {
    "x": 4.681544427231314,
    "y": 1.0126039683608123,
    "edge_dist": 0.818455572768686,
    "angle": 0.000639647834052897,
    "above": 9
  },
  "trial_2": {
    "x": 5.0825054595356844,
    "y": 1.5427134879795203,
    "edge_dist": 0.41749454046431556,
    "angle": 0.5448185632280327,
    "above": 1
  },
  "trial_3": {
    "x": 4.499139667675556,
    "y": 1.524831235861115,
    "edge_dist": 1.0008603323244438,
    "angle": 0.355641966609638,
    "above": 3
  },
  "trial_4": {
    "x": 3.33858964094206,
    "y": 1.9455174898998333,
    "edge_dist": 0.8385896409420601,
    "angle": 0.3436270975652711,
    "above": 1
  },
  "trial_5": {
    "x": 3.835832605549204,
    "y": 1.2414326216846283,
    "edge_dist": 1.335832605549204,
    "angle": 0.767886100322183,
    "above": 6
  },
  "trial_6": {
    "x": 3.2691883568045905,
    "y": 0.4049742304848687,
    "edge_dist": 0.7691883568045905,
    "angle": 0.0003538677988983441,
    "above": 11
  },
  "trial_7": {
    "x": 2.722335829022804,
    "y": 0.20504778841645432,
    "edge_dist": 0.2223358290228039,
    "angle": 0.0013500063328599128,
    "above": 8
  },
  "trial_8": {
    "x": 4.03165671613324,
    "y": 0.7813536247817581,
    "edge_dist": 1.4683432838667603,
    "angle": 0.5104692796632184,
    "above": 7
  },
  "trial_9": {
    "x": 3.337508048930499,
    "y": 2.2435683823435877,
    "edge_dist": 0.8375080489304989,
    "angle": 0.4682765456043439,
    "above": 2
  },
  "trial_10": {
    "x": 3.0427410812121236,
    "y": 2.052911679356782,
    "edge_dist": 0.5427410812121236,
    "angle": 0.3796130600267349,
    "above": 3
  },
  "trial_11": {
    "x": 2.517291444197384,
    "y": 1.412261399810891,
    "edge_dist": 0.01729144419738393,
    "angle": 0.028003058464594055,
    "above": 3
  },
  "trial_12": {
    "x": 4.208302417009771,
    "y": 1.0143569025584886,
    "edge_dist": 1.2916975829902286,
    "angle": 0.0013627254432135299,
    "above": 8
  },
  "trial_13": {
    "x": 5.478944120463074,
    "y": 1.5154381636572065,
    "edge_dist": 0.02105587953692556,
    "angle": 0.4609962135450641,
    "above": 3
  },
  "trial_14": {
    "x": 3.414398627334334,
    "y": 1.417117320186041,
    "edge_dist": 0.9143986273343341,
    "angle": 0.002935731213965731,
    "above": 5
  },
  "trial_15": {
    "x": 3.6017968661066098,
    "y": 1.0150651690629662,
    "edge_dist": 1.1017968661066098,
    "angle": 0.0004939592916602348,
    "above": 6
  },
  "trial_16": {
    "x": 2.6125881808839546,
    "y": 0.20489181017429825,
    "edge_dist": 0.11258818088395461,
    "angle": 0.0005454325726734107,
    "above": 5
  },
  "trial_17": {
    "x": 3.539999765321166,
    "y": 0.6092810503063983,
    "edge_dist": 1.039999765321166,
    "angle": 0.00031536354747478044,
    "above": 12
  },
  "trial_18": {
    "x": 3.632376574780531,
    "y": 0.20478755354645806,
    "edge_dist": 1.132376574780531,
    "angle": 0.00007745255002859621,
    "above": 10
  },
  "trial_19": {
    "x": 3.9905953007918087,
    "y": 0.2049999999999974,
    "edge_dist": 1.4905953007918087,
    "angle": 4.440892098500626e-16,
    "above": 8
  },
  "trial_20": {
    "x": 4.1444146008972345,
    "y": 0.8085264217428314,
    "edge_dist": 1.3555853991027655,
    "angle": 0.006186682603144478,
    "above": 7
  },
  "trial_21": {
    "x": 4.599062214073359,
    "y": 2.2122271657247237,
    "edge_dist": 0.900937785926641,
    "angle": 0.03785175213252011,
    "above": 4
  },
  "trial_22": {
    "x": 3.515433292138972,
    "y": 0.4063574050894756,
    "edge_dist": 1.015433292138972,
    "angle": 0.006878683435065147,
    "above": 6
  },
  "trial_23": {
    "x": 4.788915756080623,
    "y": 0.8097933608817511,
    "edge_dist": 0.7110842439193767,
    "angle": 0.0003280757767296638,
    "above": 4
  },
  "trial_24": {
    "x": 4.885929303210756,
    "y": 0.20484863463496783,
    "edge_dist": 0.614070696789244,
    "angle": 0.00019587970623824447,
    "above": 9
  },
  "trial_25": {
    "x": 3.6620355764424457,
    "y": 0.40709778706158595,
    "edge_dist": 1.1620355764424457,
    "angle": 0.008918876143758192,
    "above": 10
  },
  "trial_26": {
    "x": 5.384376446131616,
    "y": 0.6069130713340947,
    "edge_dist": 0.1156235538683843,
    "angle": 0.004862832065052114,
    "above": 7
  },
  "trial_27": {
    "x": 4.288939735462839,
    "y": 0.8563967218994208,
    "edge_dist": 1.2110602645371609,
    "angle": 0.5470955653992469,
    "above": 3
  },
  "trial_28": {
    "x": 3.761262651126667,
    "y": 0.4522353968233581,
    "edge_dist": 1.2612626511266671,
    "angle": 0.4694651561096057,
    "above": 7
  },
  "trial_29": {
    "x": 5.021726480352766,
    "y": 1.5397207357155769,
    "edge_dist": 0.4782735196472343,
    "angle": 0.4026050466474908,
    "above": 3
  },
  "trial_30": {
    "x": 3.4786638203049325,
    "y": 0.20451984108354182,
    "edge_dist": 0.9786638203049325,
    "angle": 0.0006695230974344521,
    "above": 10
  },
  "trial_31": {
    "x": 3.37995856363374,
    "y": 0.2049999916080587,
    "edge_dist": 0.8799585636337399,
    "angle": 8.548756394532301e-9,
    "above": 5
  },
  "trial_32": {
    "x": 2.8083150232380945,
    "y": 0.4517029150675791,
    "edge_dist": 0.30831502323809445,
    "angle": 0.4200061017017611,
    "above": 5
  },
  "trial_33": {
    "x": 2.4319916547021996,
    "y": 1.7969717515622925,
    "edge_dist": -0.06800834529780042,
    "angle": 0.20783859859790454,
    "above": 4
  },
  "trial_34": {
    "x": 4.950449478815951,
    "y": 0.43027007386126925,
    "edge_dist": 0.5495505211840488,
    "angle": 0.1488802326016534,
    "above": 6
  },
  "trial_35": {
    "x": 3.8410933182274474,
    "y": 2.0096881915756177,
    "edge_dist": 1.3410933182274474,
    "angle": 0.23805889295187344,
    "above": 4
  },
  "trial_36": {
    "x": 4.290179646292496,
    "y": 1.2158361417247714,
    "edge_dist": 1.2098203537075038,
    "angle": 0.011128902992370682,
    "above": 5
  },
  "trial_37": {
    "x": 2.8804488899019742,
    "y": 0.6255587146449066,
    "edge_dist": 0.38044888990197423,
    "angle": 0.4929071224351233,
    "above": 7
  },
  "trial_38": {
    "x": 3.5556445692057514,
    "y": 0.609989965082204,
    "edge_dist": 1.0556445692057514,
    "angle": 0.0017638599021339116,
    "above": 7
  },
  "trial_39": {
    "x": 5.181289774266357,
    "y": 1.2130937041721426,
    "edge_dist": 0.3187102257336427,
    "angle": 0.004257601698848479,
    "above": 2
  },
  "trial_40": {
    "x": 5.475689324516053,
    "y": 0.20496750131444674,
    "edge_dist": 0.02431067548394683,
    "angle": 0.00015022408936715692,
    "above": 9
  },
  "trial_41": {
    "x": 4.851770829057757,
    "y": 1.6066738719995883,
    "edge_dist": 0.6482291709422432,
    "angle": 0.47639169891762156,
    "above": 4
  },
  "trial_42": {
    "x": 3.028525245836713,
    "y": 1.594799267585377,
    "edge_dist": 0.5285252458367129,
    "angle": 0.3178335537973327,
    "above": 3
  },
  "trial_43": {
    "x": 4.093230764930916,
    "y": 2.6309177380552486,
    "edge_dist": 1.406769235069084,
    "angle": 0.003289724357755127,
    "above": 1
  }
}
