{
  "trial_1": {
    "x": 3.6412262490666745,
    "y": 2.6259730232766967,
    "edge_dist": 1.1412262490666745,
    "angle": 0.0043468236370114285,
    "above": 1
  },
  "trial_2": {
    "x": 5.414730718184704,
    "y": 0.2058608279563332,
    "edge_dist": 0.0852692818152958,
    "angle": 0.00997871417965083,
    "above": 2
  },
  "trial_3": {
    "x": 3.4331950912377986,
    "y": 1.0114750322187471,
    "edge_dist": 0.9331950912377986,
    "angle": 0.005150377349441505,
    "above": 5
  },
  "trial_4": {
    "x": 4.685530125109025,
    "y": 1.8162426524655784,
    "edge_dist": 0.8144698748909747,
    "angle": 0.0043153304400392264,
    "above": 2
  },
  "trial_5": {
    "x": 4.772558810423645,
    "y": 0.4049987943119797,
    "edge_dist": 0.7274411895763553,
    "angle": 0.00001084278101814995,
    "above": 4
  },
  "trial_6": {
    "x": 4.075534326393083,
    "y": 2.019535791439575,
    "edge_dist": 1.4244656736069166,
    "angle": 0.006412731175813535,
    "above": 2
  },
  "trial_7": {
    "x": 3.0355166414432064,
    "y": 0.20431869505789724,
    "edge_dist": 0.5355166414432064,
    "angle": 0.0010368794430131232,
    "above": 9
  },
  "trial_8": {
    "x": 3.7691981515781414,
    "y": 0.20402812426934158,
    "edge_dist": 1.2691981515781414,
    "angle": 0.001816941336724736,
    "above": 12
  },
  "trial_9": {
    "x": 5.524117672865479,
    "y": 0.6104489795161152,
    "edge_dist": -0.024117672865479278,
    "angle": 0.01711502867757451,
    "above": 2
  },
  "trial_10": {
    "x": 5.198664474400625,
    "y": 0.20697024662242658,
    "edge_dist": 0.3013355255993746,
    "angle": 0.006795689203500111,
    "above": 3
  },
  "trial_11": {
    "x": 4.451886911348013,
    "y": 2.017797774213532,
    "edge_dist": 1.048113088651987,
    "angle": 0.020753631334344158,
    "above": 2
  },
  "trial_12": {
    "x": 3.200351067247086,
    "y": 2.0254806109859063,
    "edge_dist": 0.7003510672470861,
    "angle": 0.008790993855260387,
    "above": 1
  },
  "trial_13": {
    "x": 4.643064455412683,
    "y": 0.9989694801143334,
    "edge_dist": 0.8569355445873166,
    "angle": 0.02850775292990621,
    "above": 5
  },
  "trial_14": {
    "x": 3.8176476900048577,
    "y": 1.0154190803482308,
    "edge_dist": 1.3176476900048577,
    "angle": 0.00611976393323012,
    "above": 7
  },
  "trial_15": {
    "x": 2.455417777213119,
    "y": 2.8246243593276716,
    "edge_dist": -0.044582222786881065,
    "angle": 0.024464740395003348,
    "above": 1
  },
  "trial_16": {
    "x": 5.409161852582167,
    "y": 0.8099270847796598,
    "edge_dist": 0.09083814741783325,
    "angle": 0.0002554333134481279,
    "above": 3
  },
  "trial_17": {
    "x": 2.40348071110683,
    "y": 1.6130626199590061,
    "edge_dist": -0.09651928889317007,
    "angle": 0.023416121455991146,
    "above": 3
  },
  "trial_18": {
    "x": 4.53978385243805,
    "y": 0.20498369767521396,
    "edge_dist": 0.9602161475619502,
    "angle": 0.000018599724605406418,
    "above": 7
  },
  "trial_19": {
    "x": 2.5116182900815023,
    "y": 0.40501804259014573,
    "edge_dist": 0.01161829008150228,
    "angle": 0.012235467948263246,
    "above": 6
  },
  "trial_20": {
    "x": 2.8465810047057984,
    "y": 1.6192821771590236,
    "edge_dist": 0.34658100470579845,
    "angle": 0.013816939647457005,
    "above": 3
  },
  "trial_21": {
    "x": 4.973445485008091,
    "y": 0.8099751568391733,
    "edge_dist": 0.5265545149919086,
    "angle": 0.00003125052830066366,
    "above": 5
  },
  "trial_22": {
    "x": 4.739557827187724,
    "y": 1.6160117258316018,
    "edge_dist": 0.7604421728122759,
    "angle": 0.012931905998966098,
    "above": 3
  },
  "trial_23": {
    "x": 5.343578375603446,
    "y": 2.419891641282752,
    "edge_dist": 0.15642162439655394,
    "angle": 0.00144490210387338,
    "above": 2
  },
  "trial_24": {
    "x": 2.5349606140293703,
    "y": 0.4056166404683115,
    "edge_dist": 0.03496061402937034,
    "angle": 0.016168235485337856,
    "above": 5
  },
  "trial_25": {
    "x": 3.0687433872233827,
    "y": 0.4052568198055182,
    "edge_dist": 0.5687433872233827,
    "angle": 0.0013698281977088111,
    "above": 4
  },
  "trial_26": {
    "x": 3.0271064095921996,
    "y": 1.6167423791800792,
    "edge_dist": 0.5271064095921996,
    "angle": 0.007093904940568718,
    "above": 2
  },
  "trial_27": {
    "x": 5.586510261927318,
    "y": 0.2052365550111439,
    "edge_dist": -0.0865102619273177,
    "angle": 0.0010595674843402415,
    "above": 6
  },
  "trial_28": {
    "x": 5.305744360552019,
    "y": 0.8097690292475397,
    "edge_dist": 0.19425563944798085,
    "angle": 0.0019293169386800368,
    "above": 5
  },
  "trial_29": {
    "x": 3.3580702000303257,
    "y": 2.8873063698051795,
    "edge_dist": 0.8580702000303257,
    "angle": 0.01835746095598223,
    "above": 1
  },
  "trial_30": {
    "x": 3.5207974831270294,
    "y": 2.285215462696054,
    "edge_dist": 1.0207974831270294,
    "angle": 0.01825229245136584,
    "above": 2
  },
  "trial_31": {
    "x": 3.2856967286517893,
    "y": 0.44551040495308847,
    "edge_dist": 0.7856967286517893,
    "angle": 0.29078475472481946,
    "above": 5
  },
  "trial_32": {
    "x": 3.7613193338545687,
    "y": 0.4475981599293748,
    "edge_dist": 1.2613193338545687,
    "angle": 0.3198552306783884,
    "above": 5
  },
  "trial_33": {
    "x": 4.415654995253243,
    "y": 0.20499680046491342,
    "edge_dist": 1.0843450047467567,
    "angle": 0.0000014198519004286376,
    "above": 6
  },
  "trial_34": {
    "x": 3.9337085199312183,
    "y": 1.2385324273102065,
    "edge_dist": 1.4337085199312183,
    "angle": 0.31984422149188463,
    "above": 4
  },
  "trial_35": {
    "x": 4.339852710945461,
    "y": 0.8102642390077222,
    "edge_dist": 1.1601472890545388,
    "angle": 0.0013039069672624581,
    "above": 5
  },
  "trial_36": {
    "x": 2.5388381626857788,
    "y": 0.8290309382944914,
    "edge_dist": 0.038838162685778777,
    "angle": 0.7501672310848948,
    "above": 1
  },
  "trial_37": {
    "x": 5.012802726978198,
    "y": 1.8189471927558691,
    "edge_dist": 0.4871972730218017,
    "angle": 0.021820152982834205,
    "above": 2
  },
  "trial_38": {
    "x": 5.002389331613018,
    "y": 0.40626893912704,
    "edge_dist": 0.4976106683869821,
    "angle": 0.006861982084933382,
    "above": 4
  },
  "trial_39": {
    "x": 3.497771083568964,
    "y": 0.20474002420994086,
    "edge_dist": 0.9977710835689639,
    "angle": 0.00016397780068533828,
    "above": 8
  },
  "trial_40": {
    "x": 3.1865412161985858,
    "y": 1.4168623142911252,
    "edge_dist": 0.6865412161985858,
    "angle": 0.014965717984340543,
    "above": 4
  },
  "trial_41": {
    "x": 3.610287033562694,
    "y": 1.8151124676253585,
    "edge_dist": 1.110287033562694,
    "angle": 0.027779576539461552,
    "above": 2
  },
  "trial_42": {
    "x": 3.4971619916941328,
    "y": 2.2230744184865046,
    "edge_dist": 0.9971619916941328,
    "angle": 0.028454928878942937,
    "above": 1
  }
}
