{
  "trial_1": [
    {
      "id": 1,
      "x": 4.066789727760938,
      "y": 0.8092344720246452,
      "dx": -0.6134991343296026,
      "dy": -0.19859639828946163,
      "edge_dist": 1.4332102722390623,
      "angle": 0.007540807751643008,
      "black_pile": 1
    }
  ],
  "trial_2": [
    {
      "id": 1,
      "x": 3.7139717808075665,
      "y": 0.4077757356363234,
      "dx": -1.3574635777324793,
      "dy": -1.130122392544798,
      "edge_dist": 1.2139717808075665,
      "angle": 0.012730558699219019,
      "black_pile": 1
    }
  ],
  "trial_3": [
    {
      "id": 2,
      "x": 3.3620812406860727,
      "y": 1.002003661677413,
      "dx": -1.1379347259352137,
      "dy": -0.5177459921122387,
      "edge_dist": 0.8620812406860727,
      "angle": 0.004257648907880718,
      "black_pile": 1
    }
  ],
  "trial_4": [
    {
      "id": 1,
      "x": 2.467188391681683,
      "y": 0.2050652950068761,
      "dx": -0.8771264227999964,
      "dy": -1.7338940133890572,
      "edge_dist": -0.0328116083183172,
      "angle": 0.0019060392897669587,
      "black_pile": 1
    }
  ],
  "trial_5": [
    {
      "id": 2,
      "x": 3.8495061471773164,
      "y": 0.20391237901219128,
      "dx": 0.023702319630281465,
      "dy": -1.0318841030966532,
      "edge_dist": 1.3495061471773164,
      "angle": 0.0012982926059871567,
      "black_pile": 1
    }
  ],
  "trial_6": [
    {
      "id": 4,
      "x": 4.686618559650279,
      "y": 0.7938072243913847,
      "dx": 1.4169528978859653,
      "dy": 0.3893519472528988,
      "edge_dist": 0.8133814403497208,
      "angle": 0.5676777597470084,
      "black_pile": 1
    }
  ],
  "trial_7": [
    {
      "id": 6,
      "x": 3.3391452687436085,
      "y": 1.0003406342211343,
      "dx": 0.6167135554793246,
      "dy": 0.7963616636527084,
      "edge_dist": 0.8391452687436085,
      "angle": 0.0320982700547181,
      "black_pile": 1
    }
  ],
  "trial_8": [
    {
      "id": 0,
      "x": 3.416263517644561,
      "y": 1.6417354708957683,
      "dx": -0.6177268200518657,
      "dy": 0.8635510204905019,
      "edge_dist": 0.9162635176445608,
      "angle": 0.6383300364918129,
      "black_pile": 1
    }
  ],
  "trial_9": [
    {
      "id": 10,
      "x": 4.486489752484196,
      "y": 1.8211016975274301,
      "dx": 1.1523680651695853,
      "dy": -0.4175152610977717,
      "edge_dist": 1.0135102475158044,
      "angle": 0.030338402907104874,
      "black_pile": 1
    }
  ],
  "trial_10": [
    {
      "id": 2,
      "x": 4.429642978231637,
      "y": 1.6012165253832706,
      "dx": 1.3902442070364014,
      "dy": -0.44959658978699135,
      "edge_dist": 1.0703570217683627,
      "angle": 0.5777359863994613,
      "black_pile": 1
    }
  ],
  "trial_11": [
    {
      "id": 4,
      "x": 3.578615274375333,
      "y": 2.116812270300681,
      "dx": 1.0672030493471185,
      "dy": 0.7142432903126172,
      "edge_dist": 1.0786152743753332,
      "angle": 0.22778752347337927,
      "black_pile": 1
    }
  ],
  "trial_12": [
    {
      "id": 6,
      "x": 3.9233028556085556,
      "y": 1.8884833407291342,
      "dx": -0.2875868366440444,
      "dy": 0.876802075636721,
      "edge_dist": 1.4233028556085556,
      "angle": 0.18134300910306544,
      "black_pile": 1
    }
  ],
  "trial_13": [
    {
      "id": 5,
      "x": 3.121131784517317,
      "y": 0.40697616183472896,
      "dx": -2.3622334284221003,
      "dy": -1.1042487534903853,
      "edge_dist": 0.621131784517317,
      "angle": 0.010486482697969146,
      "black_pile": 1
    }
  ],
  "trial_14": [
    {
      "id": 8,
      "x": 3.76098839519364,
      "y": 2.1503221004969655,
      "dx": 0.3522131841466476,
      "dy": 0.7370354952536324,
      "edge_dist": 1.2609883951936398,
      "angle": 0.7762648302412214,
      "black_pile": 1
    }
  ],
  "trial_15": [
    {
      "id": 2,
      "x": 3.7710406109889703,
      "y": 1.8705851071075599,
      "dx": 0.16759060605333387,
      "dy": 0.8594998219403958,
      "edge_dist": 1.2710406109889703,
      "angle": 0.0805626978859929,
      "black_pile": 1
    }
  ],
  "trial_16": [
    {
      "id": 0,
      "x": 3.841919084655646,
      "y": 1.7556853453299186,
      "dx": 1.2291757078704073,
      "dy": 1.5509378177007034,
      "edge_dist": 1.341919084655646,
      "angle": 0.3163867640614587,
      "black_pile": 1
    }
  ],
  "trial_17": [
    {
      "id": 2,
      "x": 3.9951859792487627,
      "y": 1.3702294187015496,
      "dx": 0.4569420938662052,
      "dy": 0.765572367628772,
      "edge_dist": 1.4951859792487627,
      "angle": 0.37213326759577203,
      "black_pile": 1
    }
  ],
  "trial_18": [
    {
      "id": 7,
      "x": 4.002586956361576,
      "y": 1.4146447083733928,
      "dx": 0.3710763005228195,
      "dy": 1.210854061984925,
      "edge_dist": 1.4974130436384243,
      "angle": 0.004083067874136592,
      "black_pile": 1
    }
  ],
  "trial_19": [
    {
      "id": 10,
      "x": 5.402994546815698,
      "y": 0.20473114979769225,
      "dx": 1.4119730403080157,
      "dy": 0.0003721446214797197,
      "edge_dist": 0.09700545318430187,
      "angle": 0.003276048456692049,
      "black_pile": 1
    }
  ],
  "trial_20": [
    {
      "id": 11,
      "x": 4.058941768006126,
      "y": 2.2052820799407753,
      "dx": -0.08239050870063469,
      "dy": 1.40526522291779,
      "edge_dist": 1.4410582319938738,
      "angle": 0.024761860315176687,
      "black_pile": 1
    }
  ],
  "trial_21": [
    {
      "id": 13,
      "x": 4.507719419831337,
      "y": 1.8018041912416671,
      "dx": -0.09079752913708639,
      "dy": -0.3982870301487904,
      "edge_dist": 0.9922805801686634,
      "angle": 0.048899959902949375,
      "black_pile": 1
    }
  ],
  "trial_22": [
    {
      "id": 11,
      "x": 3.7432211820855223,
      "y": 1.8203994790022193,
      "dx": 0.2278822300280785,
      "dy": 1.4148871284517357,
      "edge_dist": 1.2432211820855223,
      "angle": 0.006123777844755374,
      "black_pile": 1
    }
  ],
  "trial_23": [
    {
      "id": 10,
      "x": 4.780658536927943,
      "y": 1.6130444846110414,
      "dx": -0.009194208274783122,
      "dy": 0.804835070991075,
      "edge_dist": 0.7193414630720572,
      "angle": 0.0014199108203079014,
      "black_pile": 1
    }
  ],
  "trial_24": [
    {
      "id": 1,
      "x": 4.030284370816145,
      "y": 2.12640332644022,
      "dx": -0.8573903182690703,
      "dy": 1.9223019613261658,
      "edge_dist": 1.4697156291838551,
      "angle": 0.1421113356009691,
      "black_pile": 1
    }
  ],
  "trial_25": [
    {
      "id": 0,
      "x": 4.18673102544674,
      "y": 2.222510863892665,
      "dx": 0.5221023167215568,
      "dy": 1.8158507548235918,
      "edge_dist": 1.3132689745532602,
      "angle": 0.03844260673307387,
      "black_pile": 1
    }
  ],
  "trial_26": [
    {
      "id": 12,
      "x": 4.2989382809364445,
      "y": 2.4727257871898396,
      "dx": -1.1010367629662579,
      "dy": 1.8790940065166128,
      "edge_dist": 1.2010617190635555,
      "angle": 0.4407927403693863,
      "black_pile": 1
    }
  ],
  "trial_27": [
    {
      "id": 11,
      "x": 4.798002490373638,
      "y": 0.8568758600258901,
      "dx": 0.5129452384335593,
      "dy": 0.0033053962732352282,
      "edge_dist": 0.701997509626362,
      "angle": 0.400443290048379,
      "black_pile": 1
    }
  ],
  "trial_28": [
    {
      "id": 7,
      "x": 5.091941733220272,
      "y": 0.4283434356796274,
      "dx": 1.3300894179081566,
      "dy": -0.024129531978933194,
      "edge_dist": 0.4080582667797277,
      "angle": 0.7767872732391496,
      "black_pile": 1
    }
  ],
  "trial_29": [
    {
      "id": 13,
      "x": 5.391952444004004,
      "y": 1.816731465668672,
      "dx": 0.3551176303381549,
      "dy": 0.2890809893212052,
      "edge_dist": 0.10804755599599591,
      "angle": 0.4107362621301407,
      "black_pile": 1
    }
  ],
  "trial_30": [
    {
      "id": 2,
      "x": 3.2116732803618486,
      "y": 2.2071264857220463,