{
  "trial_1": [
    {
      "id": 1,
      "x": 4.067236177221864,
      "y": 0.8110230434888166,
      "dx": -0.6143082500094499,
      "dy": -0.20158092487199575,
      "edge_dist": 1.4327638227781359,
      "angle": 0.003912360967321504,
      "black_pile": 1
    }
  ],
  "trial_2": [
    {
      "id": 1,
      "x": 3.717895144320098,
      "y": 0.4071542000121866,
      "dx": -1.3646103152155864,
      "dy": -1.1355592879673337,
      "edge_dist": 1.217895144320098,
      "angle": 0.008975545902784043,
      "black_pile": 1
    }
  ],
  "trial_3": [
    {
      "id": 2,
      "x": 3.357892907845795,
      "y": 1.0111824653601786,
      "dx": -1.141246759829761,
      "dy": -0.5136487705009363,
      "edge_dist": 0.8578929078457951,
      "angle": 0.0019701516935648478,
      "black_pile": 1
    }
  ],
  "trial_4": [
    {
      "id": 1,
      "x": 2.4664241986940443,
      "y": 0.20536310512992806,
      "dx": -0.8721654422480158,
      "dy": -1.7401543847699052,
      "edge_dist": -0.03357580130595572,
      "angle": 0.0010678964632213628,
      "black_pile": 1
    }
  ],
  "trial_5": [
    {
      "id": 2,
      "x": 3.8513965816620357,
      "y": 0.20493857004592986,
      "dx": 0.015563976112831668,
      "dy": -1.0364940516386985,
      "edge_dist": 1.3513965816620357,
      "angle": 0.00006204201288232978,
      "black_pile": 1
    }
  ],
  "trial_6": [
    {
      "id": 4,
      "x": 4.686264608672615,
      "y": 0.7940914635999121,
      "dx": 1.4170762518680244,
      "dy": 0.3891172331150434,
      "edge_dist": 0.813735391327385,
      "angle": 0.5679012602687209,
      "black_pile": 1
    }
  ],
  "trial_7": [
    {
      "id": 6,
      "x": 3.3401850802436575,
      "y": 1.0105047780874132,
      "dx": 0.6178492512208535,
      "dy": 0.8054569896709589,
      "edge_dist": 0.8401850802436575,
      "angle": 0.022343685399893065,
      "black_pile": 1
    }
  ],
  "trial_8": [
    {
      "id": 0,
      "x": 3.4136354866072782,
      "y": 1.647387817455932,
      "dx": -0.6180212295259615,
      "dy": 0.8660341926741739,
      "edge_dist": 0.9136354866072782,
      "angle": 0.6375465000758747,
      "black_pile": 1
    }
  ],
  "trial_9": [
    {
      "id": 10,
      "x": 4.487680243958611,
      "y": 1.8277812870911743,
      "dx": 1.1501721950281119,
      "dy": -0.4157870952524134,
      "edge_dist": 1.0123197560413892,
      "angle": 0.031288351979759,
      "black_pile": 1
    }
  ],
  "trial_10": [
    {
      "id": 2,
      "x": 4.426614763856959,
      "y": 1.606018752754795,
      "dx": 1.3838736826448352,
      "dy": -0.44689292660198676,
      "edge_dist": 1.0733852361430412,
      "angle": 0.5832605134639914,
      "black_pile": 1
    }
  ],
  "trial_11": [
    {
      "id": 4,
      "x": 3.5880060076456037,
      "y": 2.125335453238703,
      "dx": 1.0707145634482198,
      "dy": 0.7130740534278122,
      "edge_dist": 1.0880060076456037,
      "angle": 0.22286907467498063,
      "black_pile": 1
    }
  ],
  "trial_12": [
    {
      "id": 6,
      "x": 3.9183827802597984,
      "y": 1.8916957432169625,
      "dx": -0.289919636749973,
      "dy": 0.8773388406584739,
      "edge_dist": 1.4183827802597984,
      "angle": 0.17722204284217025,
      "black_pile": 1
    }
  ],
  "trial_13": [
    {
      "id": 5,
      "x": 3.126016525176538,
      "y": 0.40592655362292973,
      "dx": -2.3529275952865363,
      "dy": -1.1095116100342768,
      "edge_dist": 0.6260165251765382,
      "angle": 0.004478213306025491,
      "black_pile": 1
    }
  ],
  "trial_14": [
    {
      "id": 8,
      "x": 3.765096895603934,
      "y": 2.1579562211646692,
      "dx": 0.3506982682695998,
      "dy": 0.7408389009786283,
      "edge_dist": 1.265096895603934,
      "angle": 0.7782506327887222,
      "black_pile": 1
    }
  ],
  "trial_15": [
    {
      "id": 2,
      "x": 3.7686753774971224,
      "y": 1.8738420524379826,
      "dx": 0.16687851139051268,
      "dy": 0.8587768833750165,
      "edge_dist": 1.2686753774971224,
      "angle": 0.06808201312965025,
      "black_pile": 1
    }
  ],
  "trial_16": [
    {
      "id": 0,
      "x": 3.8361462075404456,
      "y": 1.7679129400712967,
      "dx": 1.223558026656491,
      "dy": 1.5630211298969985,
      "edge_dist": 1.3361462075404456,
      "angle": 0.32338159966530433,
      "black_pile": 1
    }
  ],
  "trial_17": [
    {
      "id": 2,
      "x": 3.9976539726878952,
      "y": 1.3811917323319518,
      "dx": 0.45765420736672935,
      "dy": 0.7719106820255535,
      "edge_dist": 1.4976539726878952,
      "angle": 0.3736711618109423,
      "black_pile": 1
    }
  ],
  "trial_18": [
    {
      "id": 7,
      "x": 4.0071774742984765,
      "y": 1.4189394217493754,
      "dx": 0.3748008995179455,
      "dy": 1.2141518682029173,
      "edge_dist": 1.4928225257015235,
      "angle": 0.0014241413204327813,
      "black_pile": 1
    }
  ],
  "trial_19": [
    {
      "id": 10,
      "x": 5.404836791685615,
      "y": 0.20503630434287778,
      "dx": 1.4142414908938066,
      "dy": 0.00003630434288037776,
      "edge_dist": 0.09516320831438474,
      "angle": 0.0003814072359591414,
      "black_pile": 1
    }
  ],
  "trial_20": [
    {
      "id": 11,
      "x": 4.067643624654339,
      "y": 2.221765012089146,
      "dx": -0.0767709762428952,
      "dy": 1.4132385903463147,
      "edge_dist": 1.4323563753456607,
      "angle": 0.013596111279906786,
      "black_pile": 1
    }
  ],
  "trial_21": [
    {
      "id": 13,
      "x": 4.510682137055117,
      "y": 1.811368490754775,
      "dx": -0.08838007701824235,
      "dy": -0.40085867496994876,
      "edge_dist": 0.9893178629448833,
      "angle": 0.038992704361309034,
      "black_pile": 1
    }
  ],
  "trial_22": [
    {
      "id": 11,
      "x": 3.7437444487080485,
      "y": 1.8228629217246057,
      "dx": 0.22831115656907652,
      "dy": 1.4165055166351301,
      "edge_dist": 1.2437444487080485,
      "angle": 0.006789712006414206,
      "black_pile": 1
    }
  ],
  "trial_23": [
    {
      "id": 10,
      "x": 4.779564864806559,
      "y": 1.6147690892326563,
      "dx": -0.009350891274063855,
      "dy": 0.8049757283509051,
      "edge_dist": 0.7204351351934406,
      "angle": 0.00035708195203265625,
      "black_pile": 1
    }
  ],
  "trial_24": [
    {
      "id": 1,
      "x": 4.032201875702353,
      "y": 2.1344649538605847,
      "dx": -0.853727427508403,
      "dy": 1.9296163192256168,
      "edge_dist": 1.467798124297647,
      "angle": 0.13997853500659896,
      "black_pile": 1
    }
  ],
  "trial_25": [
    {
      "id": 0,
      "x": 4.176859193598624,
      "y": 2.233110668271913,
      "dx": 0.514823617156178,
      "dy": 1.826012881210327,
      "edge_dist": 1.3231408064013763,
      "angle": 0.034281613580457115,
      "black_pile": 1
    }
  ],
  "trial_26": [
    {
      "id": 12,
      "x": 4.30010148837941,
      "y": 2.4989905591566153,
      "dx": -1.0842749577522053,
      "dy": 1.8920774878225206,
      "edge_dist": 1.1998985116205896,
      "angle": 0.4284422571204286,
      "black_pile": 1
    }
  ],
  "trial_27": [
    {
      "id": 11,
      "x": 4.802242014214544,
      "y": 0.8577550636241789,
      "dx": 0.5133022787517048,
      "dy": 0.0013583417247580165,
      "edge_dist": 0.6977579857854561,
      "angle": 0.3927917416655191,
      "black_pile": 1
    }
  ],
  "trial_28": [
    {
      "id": 7,
      "x": 5.089773773388335,
      "y": 0.4286955455958701,
      "dx": 1.3285111222616677,
      "dy": -0.02353985122748803,
      "edge_dist": 0.4102262266116652,
      "angle": 0.7792257851344164,
      "black_pile": 1
    }
  ],
  "trial_29": [
    {
      "id": 13,
      "x": 5.373523532680492,
      "y": 1.831645229254725,
      "dx": 0.3517970523277265,
      "dy": 0.29192449353914807,
      "edge_dist": 0.1264764673195078,
      "angle": 0.4080363616898719,
      "black_pile": 1
    }
  ],
  "trial_30": [
    {
      "id": 2,
      "x": 3.2169294974421936,
      "y": 2.2211877706747734,