{
  "trial_1": {
    "n_bricks": 15,
    "max_y": 2.6176004356689564,
    "avg_edge_dist": 0.8456438469969774,
    "avg_angle": 0.008942771281950508,
    "avg_x": 4.129121131632647,
    "avg_y": 1.2333242549511199
  },
  "trial_2": {
    "n_bricks": 15,
    "max_y": 2.6175886689324024,
    "avg_edge_dist": 0.8457173191280056,
    "avg_angle": 0.009279678693759534,
    "avg_x": 4.129022292567783,
    "avg_y": 1.2334801288315602
  },
  "trial_3": {
    "n_bricks": 15,
    "max_y": 2.6163921609948795,
    "avg_edge_dist": 0.8457879625642617,
    "avg_angle": 0.009226998409061913,
    "avg_x": 4.129089079737884,
    "avg_y": 1.2330141764468032
  },
  "trial_4": {
    "n_bricks": 15,
    "max_y": 2.6172641538034385,
    "avg_edge_dist": 0.8455801801915088,
    "avg_angle": 0.009152315874142593,
    "avg_x": 4.128980636017528,
    "avg_y": 1.2333998813532294
  },
  "trial_5": {
    "n_bricks": 15,
    "max_y": 2.6172641538034385,
    "avg_edge_dist": 0.8455801801915088,
    "avg_angle": 0.00915231587414277,
    "avg_x": 4.128980636017529,
    "avg_y": 1.2333998813532294
  },
  "trial_6": {
    "n_bricks": 15,
    "max_y": 2.617514214908681,
    "avg_edge_dist": 0.8467077240765062,
    "avg_angle": 0.008126333187062098,
    "avg_x": 4.1277137619989075,
    "avg_y": 1.2337280166062392
  },
  "trial_7": {
    "n_bricks": 15,
    "max_y": 2.6179769689110244,
    "avg_edge_dist": 0.8478914992509408,
    "avg_angle": 0.006895754980133978,
    "avg_x": 4.129264591650225,
    "avg_y": 1.23406332969746
  },
  "trial_8": {
    "n_bricks": 14,
    "max_y": 2.8106880927554596,
    "avg_edge_dist": 0.854836294431464,
    "avg_angle": 0.014870199289691965,
    "avg_x": 4.182816122109263,
    "avg_y": 1.1947465402839512
  },
  "trial_9": {
    "n_bricks": 14,
    "max_y": 2.8119241929439585,
    "avg_edge_dist": 0.8547909067981526,
    "avg_angle": 0.014716217510059786,
    "avg_x": 4.183642737938914,
    "avg_y": 1.195193493523171
  },
  "trial_10": {
    "n_bricks": 14,
    "max_y": 2.8097039458035056,
    "avg_edge_dist": 0.8553304681421471,
    "avg_angle": 0.015883736848449417,
    "avg_x": 4.18374382483144,
    "avg_y": 1.1943679915824439
  },
  "trial_11": {
    "n_bricks": 14,
    "max_y": 2.8119163133771012,
    "avg_edge_dist": 0.854711746399145,
    "avg_angle": 0.014629832173869074,
    "avg_x": 4.1835591719510195,
    "avg_y": 1.1952425286494384
  },
  "trial_12": {
    "n_bricks": 14,
    "max_y": 2.8106877061452606,
    "avg_edge_dist": 0.8548356227112092,
    "avg_angle": 0.014867729193283996,
    "avg_x": 4.182816189251742,
    "avg_y": 1.1947460752475956
  },
  "trial_13": {
    "n_bricks": 14,
    "max_y": 2.8108060456715873,
    "avg_edge_dist": 0.8544991765088004,
    "avg_angle": 0.016143454567294636,
    "avg_x": 4.181932480760706,
    "avg_y": 1.194310526812019
  },
  "trial_14": {
    "n_bricks": 14,
    "max_y": 2.8096092278696614,
    "avg_edge_dist": 0.8549614282093495,
    "avg_angle": 0.015691092191981722,
    "avg_x": 4.1828359270302204,
    "avg_y": 1.1942536834460578
  },
  "trial_15": {
    "n_bricks": 15,
    "max_y": 2.8202308900358006,
    "avg_edge_dist": 0.35390428810480085,
    "avg_angle": 0.01046357312274835,
    "avg_x": 3.992455672861614,
    "avg_y": 1.2735487592189103
  },
  "trial_16": {
    "n_bricks": 15,
    "max_y": 2.8201364906508157,
    "avg_edge_dist": 0.35467770704665724,
    "avg_angle": 0.009812986581192817,
    "avg_x": 3.9916252138474664,
    "avg_y": 1.2736358405148795
  },
  "trial_17": {
    "n_bricks": 15,
    "max_y": 2.8200069942380073,
    "avg_edge_dist": 0.3548675806818188,
    "avg_angle": 0.009982969392297779,
    "avg_x": 3.991370079420778,
    "avg_y": 1.2736637104592812
  },
  "trial_18": {
    "n_bricks": 15,
    "max_y": 2.8201364906508157,
    "avg_edge_dist": 0.35433734037321407,
    "avg_angle": 0.010287727733200901,
    "avg_x": 3.99196558052091,
    "avg_y": 1.2735842436232017
  },
  "trial_19": {
    "n_bricks": 15,
    "max_y": 2.819997406107446,
    "avg_edge_dist": 0.3549196270589444,
    "avg_angle": 0.009770716923985304,
    "avg_x": 3.991316880642132,
    "avg_y": 1.2736139707314873
  },
  "trial_20": {
    "n_bricks": 15,
    "max_y": 2.8200907778729856,
    "avg_edge_dist": 0.3545259173929522,
    "avg_angle": 0.009851771818841473,
    "avg_x": 3.9919695365340875,
    "avg_y": 1.2736936307597548
  },
  "trial_21": {
    "n_bricks": 15,
    "max_y": 2.8201364906508157,
    "avg_edge_dist": 0.3543435745231861,
    "avg_angle": 0.010243417333103872,
    "avg_x": 3.991959346370938,
    "avg_y": 1.2735408497284149
  },
  "trial_22": {
    "n_bricks": 14,
    "max_y": 3.0214281865288406,
    "avg_edge_dist": 0.4007135707888328,
    "avg_angle": 0.05293319936356189,
    "avg_x": 4.140940192722387,
    "avg_y": 1.347169257022252
  },
  "trial_23": {
    "n_bricks": 14,
    "max_y": 3.021649992023055,
    "avg_edge_dist": 0.40102640143533763,
    "avg_angle": 0.052765373223822305,
    "avg_x": 4.1406435671008746,
    "avg_y": 1.347165147874049
  },
  "trial_24": {
    "n_bricks": 14,
    "max_y": 3.0215953407212126,
    "avg_edge_dist": 0.4012196702939915,
    "avg_angle": 0.05264907460369232,
    "avg_x": 4.14042882325281,
    "avg_y": 1.3471307410980131
  },
  "trial_25": {
    "n_bricks": 14,
    "max_y": 3.0215953407212126,
    "avg_edge_dist": 0.40121979879037084,
    "avg_angle": 0.052648365271649296,
    "avg_x": 4.1404285895734825,
    "avg_y": 1.3471303271347455
  },
  "trial_26": {
    "n_bricks": 14,
    "max_y": 3.0215953407212126,
    "avg_edge_dist": 0.40096257532747415,
    "avg_angle": 0.05280803248615273,
    "avg_x": 4.139898387052447,
    "avg_y": 1.3471198893234049
  },
  "trial_27": {
    "n_bricks": 14,
    "max_y": 3.0216466716625767,
    "avg_edge_dist": 0.40078428103478797,
    "avg_angle": 0.052825646623322446,
    "avg_x": 4.140890372567772,
    "avg_y": 1.3471573670771937
  },
  "trial_28": {
    "n_bricks": 14,
    "max_y": 3.0215442339587852,
    "avg_edge_dist": 0.4009464054870943,
    "avg_angle": 0.052890920914788676,
    "avg_x": 4.140705998376936,
    "avg_y": 1.3471614959732454
  },
  "trial_29": {
    "n_bricks": 13,
    "max_y": 2.880804247321139,
    "avg_edge_dist": 0.7678678196447246,
    "avg_angle": 0.12233622662430407,
    "avg_x": 3.989539519582593,
    "avg_y": 1.1475531105280643
  },
  "trial_30": {
    "n_bricks": 13,
    "max_y": 2.8808076328586023,
    "avg_edge_dist": 0.7678673177995421,
    "avg_angle": 0.1223388968532209,
    "avg_x": 3.9895391675574734,
    "avg_y": 1.147552705261385
  },
  "trial_31": {
    "n_bricks": 13,
    "max_y": 2.880523750263767,
    "avg_edge_dist": 0.7677049389459333,
    "avg_angle": 0.12268445538684972,
    "avg_x": 3.9894300085895305,
    "avg_y": 1.1476370247583412
  },
  "trial_32": {
    "n_bricks": 13,
    "max_y": 2.8808403448576714,
    "avg_edge_dist": 0.7677627302177303,
    "avg_angle": 0.12219618533344785,
    "avg_x": 3.989420424187294,
    "avg_y": 1.1475430359111356
  },
  "trial_33": {
    "n_bricks": 13,
    "max_y": 2.8808076328586023,
    "avg_edge_dist": 0.7678673177995421,
    "avg_angle": 0.1223388968532209,
    "avg_x": 3.9895391675574734,
    "avg_y": 1.147552705261385
  },
  "trial_34": {
    "n_bricks": 13,
    "max_y": 2.880697262078865,
    "avg_edge_dist": 0.767613517204841,
    "avg_angle": 0.1223616809064931,
    "avg_x": 3.9893031176375984,
    "avg_y": 1.1475794094146
  },
  "trial_35": {
    "n_bricks": 13,
    "max_y": 2.880746224783083,
    "avg_edge_dist": 0.767794607745673,
    "avg_angle": 0.12222935874453969,
    "avg_x": 3.9894408673201487,
    "avg_y": 1.1475468369521016
  },
  "trial_36": {
    "n_bricks": 13,
    "max_y": 2.217917122704725,
    "avg_edge_dist": 0.6374303881766732,
    "avg_angle": 0.15809020059784876,
    "avg_x": 3.8555785892761754,
    "avg_y": 1.1704917267250656
  },
  "trial_37": {
    "n_bricks": 13,
    "max_y": 2.2171638175374735,
    "avg_edge_dist": 0.637823962918253,
    "avg_angle": 0.15890722797853396,
    "avg_x": 3.8560303122849127,