{
  "trial_1": {
    "n_bricks": 15,
    "max_y": 2.6259730232766967,
    "avg_edge_dist": 0.84744302992994,
    "avg_angle": 0.004870537932428597,
    "avg_x": 4.12961322207137,
    "avg_y": 1.2381011637159398
  },
  "trial_2": {
    "n_bricks": 15,
    "max_y": 2.625850546694145,
    "avg_edge_dist": 0.8477604590745088,
    "avg_angle": 0.004852660987052103,
    "avg_x": 4.129843373071651,
    "avg_y": 1.238076397128745
  },
  "trial_3": {
    "n_bricks": 15,
    "max_y": 2.6257223616806464,
    "avg_edge_dist": 0.8485853678878537,
    "avg_angle": 0.004420569735975218,
    "avg_x": 4.130111113639512,
    "avg_y": 1.238064098432781
  },
  "trial_4": {
    "n_bricks": 15,
    "max_y": 2.625750854647419,
    "avg_edge_dist": 0.847741314749232,
    "avg_angle": 0.004720421542244217,
    "avg_x": 4.129823953519892,
    "avg_y": 1.238060186881207
  },
  "trial_5": {
    "n_bricks": 15,
    "max_y": 2.6257508546474195,
    "avg_edge_dist": 0.8477413147492321,
    "avg_angle": 0.004720421542244834,
    "avg_x": 4.1298239535198915,
    "avg_y": 1.238060186881207
  },
  "trial_6": {
    "n_bricks": 15,
    "max_y": 2.6261473234508914,
    "avg_edge_dist": 0.8470502883073683,
    "avg_angle": 0.0049247281113013,
    "avg_x": 4.12866446976823,
    "avg_y": 1.2381514868728756
  },
  "trial_7": {
    "n_bricks": 15,
    "max_y": 2.6254119057810916,
    "avg_edge_dist": 0.8483246714796832,
    "avg_angle": 0.004443996923093435,
    "avg_x": 4.130219014615351,
    "avg_y": 1.2379575091618382
  },
  "trial_8": {
    "n_bricks": 14,
    "max_y": 2.822698866403472,
    "avg_edge_dist": 0.8553705347484739,
    "avg_angle": 0.012403188418215179,
    "avg_x": 4.18183303935827,
    "avg_y": 1.201361052693318
  },
  "trial_9": {
    "n_bricks": 14,
    "max_y": 2.82261545480603,
    "avg_edge_dist": 0.8552450121191846,
    "avg_angle": 0.012402548336522266,
    "avg_x": 4.1822278423738855,
    "avg_y": 1.2014188973930642
  },
  "trial_10": {
    "n_bricks": 14,
    "max_y": 2.822661608238782,
    "avg_edge_dist": 0.855323506784776,
    "avg_angle": 0.012337508077157439,
    "avg_x": 4.182035309028859,
    "avg_y": 1.2013773465327677
  },
  "trial_11": {
    "n_bricks": 14,
    "max_y": 2.822612463078891,
    "avg_edge_dist": 0.8552697445044404,
    "avg_angle": 0.012388669456893323,
    "avg_x": 4.182258957838772,
    "avg_y": 1.2014107175730007
  },
  "trial_12": {
    "n_bricks": 14,
    "max_y": 2.822696459879104,
    "avg_edge_dist": 0.8553713374057229,
    "avg_angle": 0.012403773794936063,
    "avg_x": 4.181836485137428,
    "avg_y": 1.20136064466283
  },
  "trial_13": {
    "n_bricks": 14,
    "max_y": 2.8184004682451445,
    "avg_edge_dist": 0.8535455418996146,
    "avg_angle": 0.017893090954896433,
    "avg_x": 4.189665838681629,
    "avg_y": 1.2016334307083465
  },
  "trial_14": {
    "n_bricks": 14,
    "max_y": 2.822623423327267,
    "avg_edge_dist": 0.8554146109682572,
    "avg_angle": 0.012683744172234569,
    "avg_x": 4.182105323473125,
    "avg_y": 1.201350827570435
  },
  "trial_15": {
    "n_bricks": 15,
    "max_y": 2.8246243593276716,
    "avg_edge_dist": 0.3549101446316811,
    "avg_angle": 0.007476742166222787,
    "avg_x": 3.9925603306094852,
    "avg_y": 1.2756647369992864
  },
  "trial_16": {
    "n_bricks": 15,
    "max_y": 2.8247396363696082,
    "avg_edge_dist": 0.3550663017839347,
    "avg_angle": 0.007073463081058051,
    "avg_x": 3.992675707010495,
    "avg_y": 1.2756496146522167
  },
  "trial_17": {
    "n_bricks": 15,
    "max_y": 2.8243828358335774,
    "avg_edge_dist": 0.35516544286645624,
    "avg_angle": 0.007165433329131188,
    "avg_x": 3.9920614668352243,
    "avg_y": 1.2755901724765804
  },
  "trial_18": {
    "n_bricks": 15,
    "max_y": 2.8247396363696082,
    "avg_edge_dist": 0.3550176973328796,
    "avg_angle": 0.007124530146567037,
    "avg_x": 3.9927243114615494,
    "avg_y": 1.2756584515085825
  },
  "trial_19": {
    "n_bricks": 15,
    "max_y": 2.824381949961179,
    "avg_edge_dist": 0.35518984544615345,
    "avg_angle": 0.0071281597712119504,
    "avg_x": 3.992035947359934,
    "avg_y": 1.2755765309591172
  },
  "trial_20": {
    "n_bricks": 15,
    "max_y": 2.8244810020691773,
    "avg_edge_dist": 0.35495172818407916,
    "avg_angle": 0.007067618811138137,
    "avg_x": 3.992590988486917,
    "avg_y": 1.2756138410267241
  },
  "trial_21": {
    "n_bricks": 15,
    "max_y": 2.8247396363696082,
    "avg_edge_dist": 0.35492856666828543,
    "avg_angle": 0.007156956749498776,
    "avg_x": 3.9928134421261436,
    "avg_y": 1.2756613115479185
  },
  "trial_22": {
    "n_bricks": 14,
    "max_y": 3.0250941747281317,
    "avg_edge_dist": 0.4016813648467958,
    "avg_angle": 0.051047528888363204,
    "avg_x": 4.1391931032029925,
    "avg_y": 1.3486126005379515
  },
  "trial_23": {
    "n_bricks": 14,
    "max_y": 3.025142421660903,
    "avg_edge_dist": 0.4017263363500136,
    "avg_angle": 0.05099335663542367,
    "avg_x": 4.139154880918697,
    "avg_y": 1.3486146586113912
  },
  "trial_24": {
    "n_bricks": 14,
    "max_y": 3.025086650032789,
    "avg_edge_dist": 0.4018123902238703,
    "avg_angle": 0.051014668674648565,
    "avg_x": 4.1390601433837295,
    "avg_y": 1.3486011047969577
  },
  "trial_25": {
    "n_bricks": 14,
    "max_y": 3.025086650032789,
    "avg_edge_dist": 0.40181238836911753,
    "avg_angle": 0.05101495212095489,
    "avg_x": 4.139060132780645,
    "avg_y": 1.348601013200342
  },
  "trial_26": {
    "n_bricks": 14,
    "max_y": 3.025086650032789,
    "avg_edge_dist": 0.4017300692735316,
    "avg_angle": 0.0510072891797699,
    "avg_x": 4.138941490511311,
    "avg_y": 1.3486042340935467
  },
  "trial_27": {
    "n_bricks": 14,
    "max_y": 3.0251309787476366,
    "avg_edge_dist": 0.40165277802506943,
    "avg_angle": 0.05101706623333445,
    "avg_x": 4.139229347566022,
    "avg_y": 1.3486125716225263
  },
  "trial_28": {
    "n_bricks": 14,
    "max_y": 3.0250980635925706,
    "avg_edge_dist": 0.4017422979984437,
    "avg_angle": 0.05103885982176843,
    "avg_x": 4.139131150239573,
    "avg_y": 1.3486074337238252
  },
  "trial_29": {
    "n_bricks": 13,
    "max_y": 2.8873063698051795,
    "avg_edge_dist": 0.7673934858299335,
    "avg_angle": 0.11964064746770928,
    "avg_x": 3.9885363824965525,
    "avg_y": 1.148949826949253
  },
  "trial_30": {
    "n_bricks": 13,
    "max_y": 2.8873096914694,
    "avg_edge_dist": 0.767393424095777,
    "avg_angle": 0.11964320802825468,
    "avg_x": 3.9885363157650366,
    "avg_y": 1.1489498009677517
  },
  "trial_31": {
    "n_bricks": 13,
    "max_y": 2.8872374564781196,
    "avg_edge_dist": 0.7673674331078663,
    "avg_angle": 0.11970923802130766,
    "avg_x": 3.988513457623287,
    "avg_y": 1.1489458757407358
  },
  "trial_32": {
    "n_bricks": 13,
    "max_y": 2.887306056942512,
    "avg_edge_dist": 0.7673934878221761,
    "avg_angle": 0.11964048711482567,
    "avg_x": 3.9885363692599243,
    "avg_y": 1.148949823457147
  },
  "trial_33": {
    "n_bricks": 13,
    "max_y": 2.887309638575787,
    "avg_edge_dist": 0.7673934339319934,
    "avg_angle": 0.11964320844762312,
    "avg_x": 3.9885363231232183,
    "avg_y": 1.1489497895268874
  },
  "trial_34": {
    "n_bricks": 13,
    "max_y": 2.8872824858676136,
    "avg_edge_dist": 0.7672839225058927,
    "avg_angle": 0.11962247326881395,
    "avg_x": 3.988422068450088,
    "avg_y": 1.1489532136542735
  },
  "trial_35": {
    "n_bricks": 13,
    "max_y": 2.8873052654336817,
    "avg_edge_dist": 0.7673754478217021,
    "avg_angle": 0.11964629669897926,
    "avg_x": 3.9885138425395668,
    "avg_y": 1.1489554656626169
  },
  "trial_36": {
    "n_bricks": 13,
    "max_y": 2.2233530066876948,
    "avg_edge_dist": 0.6393234977855465,
    "avg_angle": 0.15719791256919222,
    "avg_x": 3.854002048790598,
    "avg_y": 1.1734609462427463
  },
  "trial_37": {
    "n_bricks": 13,
    "max_y": 2.2230736255391714,
    "avg_edge_dist": 0.6396367639706086,
    "avg_angle": 0.15775881253518756,
    "avg_x": 3.8542243159128904,