{
  "trial_1": {
    "n_bricks": 7,
    "max_y": 1.4125949053939628,
    "avg_edge_dist": 0.9923573768426307,
    "avg_angle": 0.33480765819894176,
    "avg_x": 3.954759468507345,
    "avg_y": 0.6794468432902212
  },
  "trial_2": {
    "n_bricks": 7,
    "max_y": 1.4614833065637236,
    "avg_edge_dist": 0.8695559712839458,
    "avg_angle": 0.09622866300749268,
    "avg_x": 3.85011558265609,
    "avg_y": 0.6720905158532986
  },
  "trial_3": {
    "n_bricks": 8,
    "max_y": 1.5952091774151707,
    "avg_edge_dist": 0.9983220462157997,
    "avg_angle": 0.28367536985837327,
    "avg_x": 3.963235488888484,
    "avg_y": 0.8105272099776748
  },
  "trial_4": {
    "n_bricks": 9,
    "max_y": 2.0550998315279414,
    "avg_edge_dist": 0.9639813520097693,
    "avg_angle": 0.13076257770449548,
    "avg_x": 4.181790442655877,
    "avg_y": 0.8165360031415396
  },
  "trial_5": {
    "n_bricks": 12,
    "max_y": 2.218084950784539,
    "avg_edge_dist": 0.9250983858988912,
    "avg_angle": 0.0022303158496007054,
    "avg_x": 4.1532213229513095,
    "avg_y": 0.8877051000301779
  },
  "trial_6": {
    "n_bricks": 12,
    "max_y": 2.452243753423541,
    "avg_edge_dist": 1.0043934968342165,
    "avg_angle": 0.03991493244350982,
    "avg_x": 4.03726827138341,
    "avg_y": 1.1290218595133465
  },
  "trial_7": {
    "n_bricks": 6,
    "max_y": 2.41727232581413,
    "avg_edge_dist": 1.0466275580454563,
    "avg_angle": 0.10554085531322645,
    "avg_x": 4.032574809924093,
    "avg_y": 1.0981205435338994
  },
  "trial_8": {
    "n_bricks": 7,
    "max_y": 1.3152910800202813,
    "avg_edge_dist": 0.6862161630489425,
    "avg_angle": 0.25741055983029465,
    "avg_x": 3.5689766371928053,
    "avg_y": 0.6007919666252519
  },
  "trial_9": {
    "n_bricks": 9,
    "max_y": 1.6051611903484688,
    "avg_edge_dist": 0.889414092313882,
    "avg_angle": 0.30201739964998925,
    "avg_x": 3.792317375592024,
    "avg_y": 0.8270568661792397
  },
  "trial_10": {
    "n_bricks": 11,
    "max_y": 2.6356858920171864,
    "avg_edge_dist": 1.0807124678723332,
    "avg_angle": 0.04070195010902422,
    "avg_x": 4.091174932695727,
    "avg_y": 1.1517832583980607
  },
  "trial_11": {
    "n_bricks": 11,
    "max_y": 1.6810084224339312,
    "avg_edge_dist": 0.8024585511457426,
    "avg_angle": 0.2580154321366262,
    "avg_x": 4.166325073745877,
    "avg_y": 0.9162147150408178
  },
  "trial_12": {
    "n_bricks": 11,
    "max_y": 2.522840530662643,
    "avg_edge_dist": 0.9184851132283613,
    "avg_angle": 0.07898593128387045,
    "avg_x": 4.074192843776699,
    "avg_y": 0.9034229117194772
  },
  "trial_13": {
    "n_bricks": 11,
    "max_y": 2.2276210920015127,
    "avg_edge_dist": 0.9064835106715442,
    "avg_angle": 0.03753526726552144,
    "avg_x": 3.956881052968314,
    "avg_y": 0.9343930349862384
  },
  "trial_14": {
    "n_bricks": 12,
    "max_y": 2.443938919119249,
    "avg_edge_dist": 1.0189114361998006,
    "avg_angle": 0.0029754675111140125,
    "avg_x": 3.885977865939608,
    "avg_y": 1.1896868404789362
  },
  "trial_15": {
    "n_bricks": 12,
    "max_y": 2.4374858342553227,
    "avg_edge_dist": 1.0543810518518517,
    "avg_angle": 0.033598132768730665,
    "avg_x": 4.139357604920838,
    "avg_y": 1.236226279334519
  },
  "trial_16": {
    "n_bricks": 14,
    "max_y": 3.0555001616816826,
    "avg_edge_dist": 0.9624910309713047,
    "avg_angle": 0.07443035233977656,
    "avg_x": 4.088835713030034,
    "avg_y": 1.365212258859108
  },
  "trial_17": {
    "n_bricks": 15,
    "max_y": 2.0211665933171217,
    "avg_edge_dist": 0.7854676806832952,
    "avg_angle": 0.04118226252539274,
    "avg_x": 4.114373932215918,
    "avg_y": 0.9665858340390372
  },
  "trial_18": {
    "n_bricks": 18,
    "max_y": 2.2514733831915157,
    "avg_edge_dist": 0.7405624974199211,
    "avg_angle": 0.11326336099403914,
    "avg_x": 4.022592268160539,
    "avg_y": 1.0880354349152452
  },
  "trial_19": {
    "n_bricks": 8,
    "max_y": 2.4685097826017364,
    "avg_edge_dist": 1.1132071457886565,
    "avg_angle": 0.28355155947490024,
    "avg_x": 3.974033782892688,
    "avg_y": 1.1516412791709598
  },
  "trial_20": {
    "n_bricks": 14,
    "max_y": 2.3962852068311027,
    "avg_edge_dist": 0.9272349837364915,
    "avg_angle": 0.27622767464549797,
    "avg_x": 4.126422791850011,
    "avg_y": 1.0382950600628642
  },
  "trial_21": {
    "n_bricks": 15,
    "max_y": 2.8663932193778185,
    "avg_edge_dist": 0.8811587479257117,
    "avg_angle": 0.1430674477350467,
    "avg_x": 3.6962163584884573,
    "avg_y": 1.4265267038109277
  },
  "trial_22": {
    "n_bricks": 16,
    "max_y": 3.4487705774844377,
    "avg_edge_dist": 0.9809826035048443,
    "avg_angle": 0.011806124976936375,
    "avg_x": 3.86345562760411,
    "avg_y": 1.4074245391891607
  },
  "trial_23": {
    "n_bricks": 18,
    "max_y": 2.6050596403627644,
    "avg_edge_dist": 0.7694941999374671,
    "avg_angle": 0.1239832630356081,
    "avg_x": 4.15902312829264,
    "avg_y": 1.1075111554141261
  },
  "trial_24": {
    "n_bricks": 19,
    "max_y": 2.031012956020343,
    "avg_edge_dist": 0.7701919616989498,
    "avg_angle": 0.008245215820227804,
    "avg_x": 4.000898755661802,
    "avg_y": 1.1668050779545118
  },
  "trial_25": {
    "n_bricks": 8,
    "max_y": 2.8415854780432865,
    "avg_edge_dist": 1.2908580957534954,
    "avg_angle": 0.009850830162118,
    "avg_x": 3.9816729789632124,
    "avg_y": 1.465352493486519
  },
  "trial_26": {
    "n_bricks": 13,
    "max_y": 2.041111164087293,
    "avg_edge_dist": 0.8968814842558057,
    "avg_angle": 0.24182522063434403,
    "avg_x": 3.906112235823153,
    "avg_y": 1.0395307903721358
  },
  "trial_27": {
    "n_bricks": 13,
    "max_y": 2.829658415819324,
    "avg_edge_dist": 0.9939689480631136,
    "avg_angle": 0.05576927064575961,
    "avg_x": 3.9301677620181907,
    "avg_y": 1.3305939460819296
  },
  "trial_28": {
    "n_bricks": 14,
    "max_y": 2.841016035162366,
    "avg_edge_dist": 0.9152000798800156,
    "avg_angle": 0.0047653338910246,
    "avg_x": 4.293216715723249,
    "avg_y": 1.1401184468149959
  },
  "trial_29": {
    "n_bricks": 14,
    "max_y": 2.430149075279526,
    "avg_edge_dist": 0.9216480695294417,
    "avg_angle": 0.048968457412593334,
    "avg_x": 4.082840812604108,
    "avg_y": 1.1893843081100433
  },
  "trial_30": {
    "n_bricks": 16,
    "max_y": 3.0506335729204572,
    "avg_edge_dist": 0.9069432785142318,
    "avg_angle": 0.040652553353478484,
    "avg_x": 4.295532307148039,
    "avg_y": 1.272843165492651
  },
  "trial_31": {
    "n_bricks": 13,
    "max_y": 3.029960551551669,
    "avg_edge_dist": 1.0363019310433923,
    "avg_angle": 0.14800006353736905,
    "avg_x": 4.043345318843721,
    "avg_y": 1.4665525079433572
  },
  "trial_32": {
    "n_bricks": 13,
    "max_y": 2.4186580267625417,
    "avg_edge_dist": 0.8125978397490522,
    "avg_angle": 0.029633294760200296,
    "avg_x": 4.202841475576706,
    "avg_y": 1.1539812848287285
  },
  "trial_33": {
    "n_bricks": 14,
    "max_y": 2.3722431499765855,
    "avg_edge_dist": 0.9015317982061979,
    "avg_angle": 0.08466265130704455,
    "avg_x": 3.8223071138871125,
    "avg_y": 1.0963112025007877
  },
  "trial_34": {
    "n_bricks": 15,
    "max_y": 2.239235906204839,
    "avg_edge_dist": 0.7850130611756907,
    "avg_angle": 0.2154743652942228,
    "avg_x": 3.8937999306567703,
    "avg_y": 1.078507465212334
  },
  "trial_35": {
    "n_bricks": 17,
    "max_y": 2.825330371916561,
    "avg_edge_dist": 0.8289586413002703,
    "avg_angle": 0.012390784181463206,
    "avg_x": 4.213543421570536,
    "avg_y": 1.1145938741661374
  },
  "trial_36": {
    "n_bricks": 18,
    "max_y": 3.8538168518490554,
    "avg_edge_dist": 0.9311586670506798,
    "avg_angle": 0.007925192271005584,
    "avg_x": 4.025243002896045,
    "avg_y": 1.4622404602331467
  },
  "trial_37": {
    "n_bricks": 13,
    "max_y": 2.6563225170857736,
    "avg_edge_dist": 0.9698052636805011,
    "avg_angle": 0.005357817782823173,
    "avg_x": 3.9553697055421635,