{
  "trial_1": {
    "n_bricks": 7,
    "max_y": 1.4126767512448462,
    "avg_edge_dist": 0.9916626628653384,
    "avg_angle": 0.33498778866059864,
    "avg_x": 3.953397857479816,
    "avg_y": 0.6797233583286761
  },
  "trial_2": {
    "n_bricks": 7,
    "max_y": 1.4622540169414626,
    "avg_edge_dist": 0.8693298250452354,
    "avg_angle": 0.0955716873096399,
    "avg_x": 3.8493619270496837,
    "avg_y": 0.6725348874269432
  },
  "trial_3": {
    "n_bricks": 8,
    "max_y": 1.6159837510689359,
    "avg_edge_dist": 0.9995766856458326,
    "avg_angle": 0.2976198631749524,
    "avg_x": 3.95788112129696,
    "avg_y": 0.8188835095974891
  },
  "trial_4": {
    "n_bricks": 9,
    "max_y": 2.059873456852635,
    "avg_edge_dist": 0.9634015789821755,
    "avg_angle": 0.13226373770151886,
    "avg_x": 4.183222046730661,
    "avg_y": 0.8172771305491837
  },
  "trial_5": {
    "n_bricks": 12,
    "max_y": 2.2200628508197133,
    "avg_edge_dist": 0.9249176718863397,
    "avg_angle": 0.002665868394368546,
    "avg_x": 4.153421957583128,
    "avg_y": 0.8875953134603547
  },
  "trial_6": {
    "n_bricks": 12,
    "max_y": 2.4642829521745617,
    "avg_edge_dist": 1.002592706211004,
    "avg_angle": 0.040063274957355746,
    "avg_x": 4.037545407438671,
    "avg_y": 1.1340425959838902
  },
  "trial_7": {
    "n_bricks": 6,
    "max_y": 2.431776089418777,
    "avg_edge_dist": 1.0399553277074998,
    "avg_angle": 0.0994780027750448,
    "avg_x": 4.039217748241378,
    "avg_y": 1.1033785998838006
  },
  "trial_8": {
    "n_bricks": 7,
    "max_y": 1.3167996492771352,
    "avg_edge_dist": 0.6862399082681054,
    "avg_angle": 0.25895004056920934,
    "avg_x": 3.5685281546576095,
    "avg_y": 0.6015798228903657
  },
  "trial_9": {
    "n_bricks": 9,
    "max_y": 1.6054326205386316,
    "avg_edge_dist": 0.8897805634172318,
    "avg_angle": 0.3017680447087193,
    "avg_x": 3.791314669521949,
    "avg_y": 0.829188715321064
  },
  "trial_10": {
    "n_bricks": 11,
    "max_y": 2.6394725361026117,
    "avg_edge_dist": 1.081799593161942,
    "avg_angle": 0.04180302037694374,
    "avg_x": 4.091101596214191,
    "avg_y": 1.152773792378929
  },
  "trial_11": {
    "n_bricks": 11,
    "max_y": 1.6840599729633512,
    "avg_edge_dist": 0.8045293779057484,
    "avg_angle": 0.2559941309006792,
    "avg_x": 4.1650500060726845,
    "avg_y": 0.9174303079367743
  },
  "trial_12": {
    "n_bricks": 11,
    "max_y": 2.5231105254244492,
    "avg_edge_dist": 0.9100089304674329,
    "avg_angle": 0.0764269641148165,
    "avg_x": 4.083719671861281,
    "avg_y": 0.9038394884175527
  },
  "trial_13": {
    "n_bricks": 11,
    "max_y": 2.2265531415118347,
    "avg_edge_dist": 0.9059364638237977,
    "avg_angle": 0.03732061044676567,
    "avg_x": 3.9587155549663753,
    "avg_y": 0.9347158418291017
  },
  "trial_14": {
    "n_bricks": 12,
    "max_y": 2.4433089991960126,
    "avg_edge_dist": 1.0186582760944094,
    "avg_angle": 0.002709612973701379,
    "avg_x": 3.8848744972456597,
    "avg_y": 1.1899551090116165
  },
  "trial_15": {
    "n_bricks": 12,
    "max_y": 2.441063807795078,
    "avg_edge_dist": 1.0525182405193652,
    "avg_angle": 0.03630867868247471,
    "avg_x": 4.1392059487502815,
    "avg_y": 1.2384461639344275
  },
  "trial_16": {
    "n_bricks": 14,
    "max_y": 3.0655660504997844,
    "avg_edge_dist": 0.9637592839466592,
    "avg_angle": 0.07354768013668105,
    "avg_x": 4.088632880680291,
    "avg_y": 1.36967266424917
  },
  "trial_17": {
    "n_bricks": 15,
    "max_y": 2.0229648474313295,
    "avg_edge_dist": 0.7837754430892522,
    "avg_angle": 0.04013655841269749,
    "avg_x": 4.111779963625673,
    "avg_y": 0.9667022374761203
  },
  "trial_18": {
    "n_bricks": 18,
    "max_y": 2.2468721728796046,
    "avg_edge_dist": 0.7440606786139178,
    "avg_angle": 0.11127557978016349,
    "avg_x": 4.023927149649502,
    "avg_y": 1.0912977955136536
  },
  "trial_19": {
    "n_bricks": 8,
    "max_y": 2.4706318718595086,
    "avg_edge_dist": 1.112899953088925,
    "avg_angle": 0.283955995653419,
    "avg_x": 3.9709735434236726,
    "avg_y": 1.1554008811141778
  },
  "trial_20": {
    "n_bricks": 14,
    "max_y": 2.397650601121968,
    "avg_edge_dist": 0.9264723255521342,
    "avg_angle": 0.27275062279717577,
    "avg_x": 4.129858247658395,
    "avg_y": 1.0374998077676407
  },
  "trial_21": {
    "n_bricks": 15,
    "max_y": 2.8704741196353876,
    "avg_edge_dist": 0.8601153013326017,
    "avg_angle": 0.15225420251918045,
    "avg_x": 3.662505527364305,
    "avg_y": 1.4247628635677545
  },
  "trial_22": {
    "n_bricks": 16,
    "max_y": 3.4694022522841172,
    "avg_edge_dist": 0.9851723554576521,
    "avg_angle": 0.00952202010345251,
    "avg_x": 3.870411877293057,
    "avg_y": 1.414473046152723
  },
  "trial_23": {
    "n_bricks": 18,
    "max_y": 2.6094707490573605,
    "avg_edge_dist": 0.7692482116358814,
    "avg_angle": 0.12555830180463515,
    "avg_x": 4.157221459611728,
    "avg_y": 1.11102177549204
  },
  "trial_24": {
    "n_bricks": 19,
    "max_y": 2.0298339920519517,
    "avg_edge_dist": 0.7698394761545195,
    "avg_angle": 0.00902059655899281,
    "avg_x": 3.998993827207741,
    "avg_y": 1.1662818540756694
  },
  "trial_25": {
    "n_bricks": 8,
    "max_y": 2.8494955906252812,
    "avg_edge_dist": 1.290857596956761,
    "avg_angle": 0.008083941219950597,
    "avg_x": 3.9806701494571146,
    "avg_y": 1.469962310624858
  },
  "trial_26": {
    "n_bricks": 13,
    "max_y": 2.0523625402690775,
    "avg_edge_dist": 0.8977540492281088,
    "avg_angle": 0.2446863833367458,
    "avg_x": 3.906753726314721,
    "avg_y": 1.045612820027943
  },
  "trial_27": {
    "n_bricks": 13,
    "max_y": 2.8556848302515947,
    "avg_edge_dist": 0.9932171976578736,
    "avg_angle": 0.046497768899043904,
    "avg_x": 3.9410848760128365,
    "avg_y": 1.34554170018313
  },
  "trial_28": {
    "n_bricks": 14,
    "max_y": 2.8403118131078635,
    "avg_edge_dist": 0.9160856896262594,
    "avg_angle": 0.005087141200555932,
    "avg_x": 4.291895367242048,
    "avg_y": 1.1399512503230906
  },
  "trial_29": {
    "n_bricks": 14,
    "max_y": 2.4443634370203653,
    "avg_edge_dist": 0.9202405666628839,
    "avg_angle": 0.05048818137178116,
    "avg_x": 4.082322615710163,
    "avg_y": 1.193890320698824
  },
  "trial_30": {
    "n_bricks": 16,
    "max_y": 3.0565120275833486,
    "avg_edge_dist": 0.9051403534675839,
    "avg_angle": 0.03940566140853293,
    "avg_x": 4.298526882569994,
    "avg_y": 1.2761095993644007
  },
  "trial_31": {
    "n_bricks": 13,
    "max_y": 3.04844238086283,
    "avg_edge_dist": 1.0333659486003752,
    "avg_angle": 0.1516410805154874,
    "avg_x": 4.041152680302263,
    "avg_y": 1.4747040536613434
  },
  "trial_32": {
    "n_bricks": 13,
    "max_y": 2.442547332487372,
    "avg_edge_dist": 0.8137350923804348,
    "avg_angle": 0.026806095953626066,
    "avg_x": 4.206000915707199,
    "avg_y": 1.1625604607098277
  },
  "trial_33": {
    "n_bricks": 14,
    "max_y": 2.3742784539402897,
    "avg_edge_dist": 0.9028969848416194,
    "avg_angle": 0.08450142174143495,
    "avg_x": 3.8210551745783556,
    "avg_y": 1.0975146523593948
  },
  "trial_34": {
    "n_bricks": 15,
    "max_y": 2.2470524339538236,
    "avg_edge_dist": 0.7843523898241733,
    "avg_angle": 0.2242678099613611,
    "avg_x": 3.8618742244235027,
    "avg_y": 1.0787182368889403
  },
  "trial_35": {
    "n_bricks": 17,
    "max_y": 2.824951067318916,
    "avg_edge_dist": 0.8299802338980421,
    "avg_angle": 0.009889315868415191,
    "avg_x": 4.211269988718846,
    "avg_y": 1.1142853917163058
  },
  "trial_36": {
    "n_bricks": 18,
    "max_y": 3.8759767479135494,
    "avg_edge_dist": 0.9336892797133373,
    "avg_angle": 0.005841712988879769,
    "avg_x": 4.023412644722308,
    "avg_y": 1.4693913971724522
  },
  "trial_37": {
    "n_bricks": 13,
    "max_y": 2.66282550908956,
    "avg_edge_dist": 0.9711807247002439,
    "avg_angle": 0.0038576389187601244,
    "avg_x": 3.952022757557457,
    "avg_y": 1.039447920831241
  },