{
  "trial_1": {
    "n_bricks": 15,
    "max_y": 3.0530491079891973,
    "avg_edge_dist": 1.016667375101031,
    "avg_angle": 0.0663458496846968,
    "avg_x": 3.9580168149639143,
    "avg_y": 1.4646736935345248
  },
  "trial_2": {
    "n_bricks": 12,
    "max_y": 1.9095199837981403,
    "avg_edge_dist": 0.7189902642741328,
    "avg_angle": 0.4028479675053645,
    "avg_x": 4.241788469691096,
    "avg_y": 0.9627917332635199
  },
  "trial_3": {
    "n_bricks": 12,
    "max_y": 2.627533990900874,
    "avg_edge_dist": 0.9581872805024105,
    "avg_angle": 0.2097208787208618,
    "avg_x": 3.692914072778909,
    "avg_y": 1.3195227758084305
  },
  "trial_4": {
    "n_bricks": 11,
    "max_y": 1.9455174898998333,
    "avg_edge_dist": 0.8522430732258268,
    "avg_angle": 0.37193979651978887,
    "avg_x": 3.70237883740441,
    "avg_y": 0.9566322555011055
  },
  "trial_5": {
    "n_bricks": 12,
    "max_y": 2.8491616847646064,
    "avg_edge_dist": 1.0507866521563232,
    "avg_angle": 0.09084493780134831,
    "avg_x": 4.2880999481671145,
    "avg_y": 1.466818529734506
  },
  "trial_6": {
    "n_bricks": 14,
    "max_y": 3.432398982122804,
    "avg_edge_dist": 1.06201543914906,
    "avg_angle": 0.04644072848114105,
    "avg_x": 3.8233637758102708,
    "avg_y": 1.5477995538605835
  },
  "trial_7": {
    "n_bricks": 14,
    "max_y": 3.028001097957344,
    "avg_edge_dist": 0.9305236913423806,
    "avg_angle": 0.007506683525877549,
    "avg_x": 3.8691910353623706,
    "avg_y": 1.3062162244106252
  },
  "trial_8": {
    "n_bricks": 12,
    "max_y": 1.865151421362547,
    "avg_edge_dist": 0.8208681689796583,
    "avg_angle": 0.44290269089652895,
    "avg_x": 3.836251617458825,
    "avg_y": 0.912599881180927
  },
  "trial_9": {
    "n_bricks": 14,
    "max_y": 2.6221904950893906,
    "avg_edge_dist": 0.901347491019465,
    "avg_angle": 0.1816974145870011,
    "avg_x": 3.939832146588991,
    "avg_y": 1.3353285328723126
  },
  "trial_10": {
    "n_bricks": 13,
    "max_y": 2.8769659580055578,
    "avg_edge_dist": 0.9440492476628671,
    "avg_angle": 0.20893578445780533,
    "avg_x": 3.729169288947286,
    "avg_y": 1.3321192804066846
  },
  "trial_11": {
    "n_bricks": 12,
    "max_y": 2.435856877978992,
    "avg_edge_dist": 0.7584079920376896,
    "avg_angle": 0.2725101946300637,
    "avg_x": 3.5579984332012597,
    "avg_y": 1.12677163525305
  },
  "trial_12": {
    "n_bricks": 16,
    "max_y": 2.8403519586345682,
    "avg_edge_dist": 0.8763066718343547,
    "avg_angle": 0.16377520652097768,
    "avg_x": 3.971372575369212,
    "avg_y": 1.2995066128161463
  },
  "trial_13": {
    "n_bricks": 13,
    "max_y": 2.4045801706538286,
    "avg_edge_dist": 0.7640195796587842,
    "avg_angle": 0.4628395234670156,
    "avg_x": 4.506140460393596,
    "avg_y": 1.1832373297313512
  },
  "trial_14": {
    "n_bricks": 12,
    "max_y": 2.3993354922249983,
    "avg_edge_dist": 0.986215325024062,
    "avg_angle": 0.37690651167864575,
    "avg_x": 3.8965033696051927,
    "avg_y": 1.1765375832936749
  },
  "trial_15": {
    "n_bricks": 13,
    "max_y": 3.0608889540681607,
    "avg_edge_dist": 0.8360445422600196,
    "avg_angle": 0.11809646582246329,
    "avg_x": 3.7783656781961907,
    "avg_y": 1.2291911608628934
  },
  "trial_16": {
    "n_bricks": 12,
    "max_y": 2.4270127747747874,
    "avg_edge_dist": 0.8133149311393135,
    "avg_angle": 0.24661203253721276,
    "avg_x": 3.888873150366508,
    "avg_y": 1.034885475111118
  },
  "trial_17": {
    "n_bricks": 15,
    "max_y": 2.9451914805396022,
    "avg_edge_dist": 0.9289333080809189,
    "avg_angle": 0.19920033486620217,
    "avg_x": 4.156212545919341,
    "avg_y": 1.4700545174596602
  },
  "trial_18": {
    "n_bricks": 12,
    "max_y": 2.636520854040117,
    "avg_edge_dist": 1.0524417889395021,
    "avg_angle": 0.0041313295823517246,
    "avg_x": 4.064147555477214,
    "avg_y": 1.3256148109320591
  },
  "trial_19": {
    "n_bricks": 15,
    "max_y": 2.4213886723574034,
    "avg_edge_dist": 0.8323439715031242,
    "avg_angle": 0.2391135756173321,
    "avg_x": 3.869267390241839,
    "avg_y": 1.1850554138683647
  },
  "trial_20": {
    "n_bricks": 12,
    "max_y": 3.4266511024310726,
    "avg_edge_dist": 1.0159912171012417,
    "avg_angle": 0.1161665865703789,
    "avg_x": 4.062178474602169,
    "avg_y": 1.49717560923182
  },
  "trial_21": {
    "n_bricks": 14,
    "max_y": 3.437178454971736,
    "avg_edge_dist": 1.0178574528628404,
    "avg_angle": 0.05968519287557609,
    "avg_x": 4.040737618811172,
    "avg_y": 1.5236525086363337
  },
  "trial_22": {
    "n_bricks": 13,
    "max_y": 2.8334341252428668,
    "avg_edge_dist": 0.959124197735126,
    "avg_angle": 0.016619358237820816,
    "avg_x": 4.194899998591919,
    "avg_y": 1.346035428586628
  },
  "trial_23": {
    "n_bricks": 14,
    "max_y": 2.8313518543716087,
    "avg_edge_dist": 0.8503423485988209,
    "avg_angle": 0.18174697515574684,
    "avg_x": 4.286458414353802,
    "avg_y": 1.2386980478390552
  },
  "trial_24": {
    "n_bricks": 12,
    "max_y": 2.726052726170148,
    "avg_edge_dist": 0.9122539865905156,
    "avg_angle": 0.3767246474753923,
    "avg_x": 4.076436135040444,
    "avg_y": 1.1513132744224563
  },
  "trial_25": {
    "n_bricks": 12,
    "max_y": 3.0410081450869093,
    "avg_edge_dist": 1.0609511127393505,
    "avg_angle": 0.08941793038211042,
    "avg_x": 3.8801276431878744,
    "avg_y": 1.3869946599150915
  },
  "trial_26": {
    "n_bricks": 14,
    "max_y": 2.790872973165025,
    "avg_edge_dist": 0.9292926649791169,
    "avg_angle": 0.41417230600848604,
    "avg_x": 4.13479240620511,
    "avg_y": 1.2894543652153732
  },
  "trial_27": {
    "n_bricks": 14,
    "max_y": 3.4370741953249553,
    "avg_edge_dist": 0.8793060467441622,
    "avg_angle": 0.10540117582906824,
    "avg_x": 3.687080270984332,
    "avg_y": 1.4974875758468418
  },
  "trial_28": {
    "n_bricks": 12,
    "max_y": 2.212431257552935,
    "avg_edge_dist": 0.7897457606287622,
    "avg_angle": 0.6367181279206767,
    "avg_x": 3.5766571004198484,
    "avg_y": 1.051126948150959
  },
  "trial_29": {
    "n_bricks": 15,
    "max_y": 2.0050390474802624,
    "avg_edge_dist": 0.741194043487501,
    "avg_angle": 0.34280805963552213,
    "avg_x": 4.06439331843414,
    "avg_y": 1.0687319404193145
  },
  "trial_30": {
    "n_bricks": 11,
    "max_y": 3.0327769978516206,
    "avg_edge_dist": 0.9709675524369579,
    "avg_angle": 0.09078171489803895,
    "avg_x": 3.797688022858042,
    "avg_y": 1.428759994671735
  },
  "trial_31": {
    "n_bricks": 12,
    "max_y": 2.040081661792429,
    "avg_edge_dist": 0.8205932069078457,
    "avg_angle": 0.29225258719416486,
    "avg_x": 3.6599371940292236,
    "avg_y": 1.0995984838870623
  },
  "trial_32": {
    "n_bricks": 13,
    "max_y": 2.2417858384402884,
    "avg_edge_dist": 0.8275213512391018,
    "avg_angle": 0.4022434980882275,
    "avg_x": 3.9453479566420846,
    "avg_y": 1.1190898254510357
  },
  "trial_33": {
    "n_bricks": 14,
    "max_y": 3.2540968587588717,
    "avg_edge_dist": 0.7209055334801221,
    "avg_angle": 0.09141472335378692,
    "avg_x": 3.773820587194465,
    "avg_y": 1.353173718233771
  },
  "trial_34": {
    "n_bricks": 15,
    "max_y": 2.7294978656653504,
    "avg_edge_dist": 0.8448594786222868,
    "avg_angle": 0.16985163470537518,
    "avg_x": 4.042977955383467,
    "avg_y": 1.2046943886237953
  },
  "trial_35": {
    "n_bricks": 18,
    "max_y": 3.117430386834435,
    "avg_edge_dist": 0.8822913540596694,
    "avg_angle": 0.3006794901377041,
    "avg_x": 4.113664497093751,
    "avg_y": 1.4263261595095544
  },
  "trial_36": {
    "n_bricks": 15,
    "max_y": 2.863452042423745,
    "avg_edge_dist": 0.9405673637824868,
    "avg_angle": 0.07083407376446169,
    "avg_x": 3.8788700691387397,
    "avg_y": 1.345807827207223
  },
  "trial_37": {
    "n_bricks": 14,
    "max_y": 2.9443334321607004,
    "avg_edge_dist": 0.9325621840949283,
    "avg_angle": 0.2137772910549406,
    "avg_x": 3.784932002089798,
    "avg_y": 1.3360316505750713
  },