{
  "trial_1": {
    "n_bricks": 15,
    "max_y": 3.0469736319575946,
    "avg_edge_dist": 1.0161470865937352,
    "avg_angle": 0.07035210328797487,
    "avg_x": 3.9620963667718194,
    "avg_y": 1.4600886739314398
  },
  "trial_2": {
    "n_bricks": 12,
    "max_y": 1.8995485427924375,
    "avg_edge_dist": 0.7208878871993712,
    "avg_angle": 0.4072122094869363,
    "avg_x": 4.237038052921955,
    "avg_y": 0.9593392918288592
  },
  "trial_3": {
    "n_bricks": 12,
    "max_y": 2.6061786948667263,
    "avg_edge_dist": 0.957540612696018,
    "avg_angle": 0.21399383873418967,
    "avg_x": 3.6927454174701966,
    "avg_y": 1.3117859447416724
  },
  "trial_4": {
    "n_bricks": 11,
    "max_y": 1.9389593083959333,
    "avg_edge_dist": 0.851648596239344,
    "avg_angle": 0.36572682232242903,
    "avg_x": 3.70531408425425,
    "avg_y": 0.952021073045342
  },
  "trial_5": {
    "n_bricks": 12,
    "max_y": 2.8417075554821256,
    "avg_edge_dist": 1.051991211355749,
    "avg_angle": 0.0895115207181349,
    "avg_x": 4.282092002169467,
    "avg_y": 1.4616357989291116
  },
  "trial_6": {
    "n_bricks": 14,
    "max_y": 3.409314047105899,
    "avg_edge_dist": 1.0622661275959209,
    "avg_angle": 0.05203705117818244,
    "avg_x": 3.8259188469459056,
    "avg_y": 1.539727505300915
  },
  "trial_7": {
    "n_bricks": 14,
    "max_y": 3.0005334712949505,
    "avg_edge_dist": 0.9304547611101739,
    "avg_angle": 0.01338905537404641,
    "avg_x": 3.8704635231606477,
    "avg_y": 1.2922686615201044
  },
  "trial_8": {
    "n_bricks": 12,
    "max_y": 1.858699242408758,
    "avg_edge_dist": 0.8217218734489925,
    "avg_angle": 0.44285109811522977,
    "avg_x": 3.83767913800212,
    "avg_y": 0.9099616611888743
  },
  "trial_9": {
    "n_bricks": 14,
    "max_y": 2.613854331103366,
    "avg_edge_dist": 0.9008330845391439,
    "avg_angle": 0.1812816915738211,
    "avg_x": 3.9385666523686518,
    "avg_y": 1.3319547747267824
  },
  "trial_10": {
    "n_bricks": 13,
    "max_y": 2.869924980149107,
    "avg_edge_dist": 0.9430671143860975,
    "avg_angle": 0.20873591072787573,
    "avg_x": 3.7279015811089846,
    "avg_y": 1.3290366514303948
  },
  "trial_11": {
    "n_bricks": 12,
    "max_y": 2.425342777316492,
    "avg_edge_dist": 0.7556713033582868,
    "avg_angle": 0.275519855256582,
    "avg_x": 3.5542053102433133,
    "avg_y": 1.1210809754971574
  },
  "trial_12": {
    "n_bricks": 16,
    "max_y": 2.8336041487741683,
    "avg_edge_dist": 0.8763624387583424,
    "avg_angle": 0.16496347133555236,
    "avg_x": 3.974857014647565,
    "avg_y": 1.2967847192913973
  },
  "trial_13": {
    "n_bricks": 13,
    "max_y": 2.3983021625369325,
    "avg_edge_dist": 0.7603602071800754,
    "avg_angle": 0.46721048491102213,
    "avg_x": 4.510684561111037,
    "avg_y": 1.1785525923024536
  },
  "trial_14": {
    "n_bricks": 12,
    "max_y": 2.3930673651788323,
    "avg_edge_dist": 0.9854327175087714,
    "avg_angle": 0.3780808543148003,
    "avg_x": 3.8935371241627,
    "avg_y": 1.1736784515674974
  },
  "trial_15": {
    "n_bricks": 13,
    "max_y": 3.0450782218298578,
    "avg_edge_dist": 0.8338116963858966,
    "avg_angle": 0.12403481103358238,
    "avg_x": 3.7767545145394554,
    "avg_y": 1.2255893408356329
  },
  "trial_16": {
    "n_bricks": 12,
    "max_y": 2.4112580922940445,
    "avg_edge_dist": 0.8130699904437678,
    "avg_angle": 0.24803039557730616,
    "avg_x": 3.891726792185272,
    "avg_y": 1.0281263789949762
  },
  "trial_17": {
    "n_bricks": 15,
    "max_y": 2.9266290288074535,
    "avg_edge_dist": 0.9277775944852246,
    "avg_angle": 0.1986250194161187,
    "avg_x": 4.152931154335906,
    "avg_y": 1.460792773101184
  },
  "trial_18": {
    "n_bricks": 12,
    "max_y": 2.6308738129007905,
    "avg_edge_dist": 1.053931252079278,
    "avg_angle": 0.0039010309259533017,
    "avg_x": 4.060051107830354,
    "avg_y": 1.3222536926425557
  },
  "trial_19": {
    "n_bricks": 15,
    "max_y": 2.407608366423508,
    "avg_edge_dist": 0.8323960446180594,
    "avg_angle": 0.2365003146212869,
    "avg_x": 3.869364470791554,
    "avg_y": 1.1781275930047022
  },
  "trial_20": {
    "n_bricks": 12,
    "max_y": 3.3954180148805033,
    "avg_edge_dist": 1.0166542823110123,
    "avg_angle": 0.12229621475763218,
    "avg_x": 4.0597959859138655,
    "avg_y": 1.4871823575367746
  },
  "trial_21": {
    "n_bricks": 14,
    "max_y": 3.426295368090581,
    "avg_edge_dist": 1.017938559896056,
    "avg_angle": 0.061177454364050525,
    "avg_x": 4.039778626617542,
    "avg_y": 1.5177403523571966
  },
  "trial_22": {
    "n_bricks": 13,
    "max_y": 2.829904591656229,
    "avg_edge_dist": 0.9567240394456756,
    "avg_angle": 0.01689696738122348,
    "avg_x": 4.19668300546858,
    "avg_y": 1.3433208281779545
  },
  "trial_23": {
    "n_bricks": 14,
    "max_y": 2.8281097721393826,
    "avg_edge_dist": 0.8493419254941744,
    "avg_angle": 0.18055446617762566,
    "avg_x": 4.286461846280071,
    "avg_y": 1.2358911531877665
  },
  "trial_24": {
    "n_bricks": 12,
    "max_y": 2.716960048777195,
    "avg_edge_dist": 0.9114016131108815,
    "avg_angle": 0.37508255854826644,
    "avg_x": 4.076266410993841,
    "avg_y": 1.1470505392242503
  },
  "trial_25": {
    "n_bricks": 12,
    "max_y": 3.0287508899468794,
    "avg_edge_dist": 1.058994378391031,
    "avg_angle": 0.09568850556541836,
    "avg_x": 3.885303483015962,
    "avg_y": 1.3817534472692574
  },
  "trial_26": {
    "n_bricks": 14,
    "max_y": 2.7602031979082753,
    "avg_edge_dist": 0.9254117956216282,
    "avg_angle": 0.4199148044694778,
    "avg_x": 4.138489456639879,
    "avg_y": 1.2760300350038052
  },
  "trial_27": {
    "n_bricks": 14,
    "max_y": 3.4124061630407896,
    "avg_edge_dist": 0.8746079587494415,
    "avg_angle": 0.11000893310632684,
    "avg_x": 3.678514612811312,
    "avg_y": 1.4866380089164548
  },
  "trial_28": {
    "n_bricks": 12,
    "max_y": 2.2052136008206835,
    "avg_edge_dist": 0.7879758569675551,
    "avg_angle": 0.6349030556791375,
    "avg_x": 3.572894067551101,
    "avg_y": 1.0465864028442438
  },
  "trial_29": {
    "n_bricks": 15,
    "max_y": 1.9959499665019358,
    "avg_edge_dist": 0.734235012829638,
    "avg_angle": 0.33810318563503017,
    "avg_x": 4.0683236392291695,
    "avg_y": 1.0615539163258507
  },
  "trial_30": {
    "n_bricks": 11,
    "max_y": 3.018339925433551,
    "avg_edge_dist": 0.9686442361661189,
    "avg_angle": 0.09666063639147544,
    "avg_x": 3.7958953551308015,
    "avg_y": 1.422492944892248
  },
  "trial_31": {
    "n_bricks": 12,
    "max_y": 2.0359424129417336,
    "avg_edge_dist": 0.8206101295346067,
    "avg_angle": 0.29251181026613426,
    "avg_x": 3.659888689085428,
    "avg_y": 1.0980646862299936
  },
  "trial_32": {
    "n_bricks": 13,
    "max_y": 2.2331284850775495,
    "avg_edge_dist": 0.8261402896326577,
    "avg_angle": 0.4010974168167133,
    "avg_x": 3.946707980290802,
    "avg_y": 1.1166203502839593
  },
  "trial_33": {
    "n_bricks": 14,
    "max_y": 3.246122259469505,
    "avg_edge_dist": 0.7207484269396784,
    "avg_angle": 0.09532692040030445,
    "avg_x": 3.7736201015647604,
    "avg_y": 1.3504449879828089
  },
  "trial_34": {
    "n_bricks": 15,
    "max_y": 2.7216988743937782,
    "avg_edge_dist": 0.8449315844719595,
    "avg_angle": 0.16770602017370878,
    "avg_x": 4.043425060838973,
    "avg_y": 1.2018932322040428
  },
  "trial_35": {
    "n_bricks": 18,
    "max_y": 3.103372474973681,
    "avg_edge_dist": 0.8806527272736971,
    "avg_angle": 0.29733846484772053,
    "avg_x": 4.114390180854986,
    "avg_y": 1.4164558262776565
  },
  "trial_36": {
    "n_bricks": 15,
    "max_y": 2.8594657274964685,
    "avg_edge_dist": 0.9394053092959513,
    "avg_angle": 0.07318845247377127,
    "avg_x": 3.8791121125008723,
    "avg_y": 1.3417970897067648
  },
  "trial_37": {
    "n_bricks": 14,
    "max_y": 2.9278579557160214,
    "avg_edge_dist": 0.9320129598064829,
    "avg_angle": 0.21063397652994048,
    "avg_x": 3.7875187097912106,
    "avg_y": 1.3261680411810217
  },